# Метеостанция Енисейск, Россия, WMO_ID=29263, выборка с 01.11.2018 по 20.11.2018, все дни
# Кодировка: UTF-8
# Информация предоставлена сайтом "Расписание Погоды", rp5.ru 
# Пожалуйста, при использовании данных, любезно указывайте названный сайт.
# Обозначения метеопараметров см. по адресу http://rp5.ru/archive.php?wmo_id=29263&lang=ru
#
"Местное время в Енисейске";"T";"Po";"P";"Pa";"U";"DD";"Ff";"ff10";"ff3";"N";"WW";"W1";"W2";"Tn";"Tx";"Cl";"Nh";"H";"Cm";"Ch";"VV";"Td";"RRR";"tR";"E";"Tg";"E'";"sss"
"20.11.2018 10:00";"-22.2";"764.0";"772.6";"-1.1";"85";"Ветер, дующий с востоко-юго-востока";"1";"";"";"90  или более, но не 100%";"Снег непрерывный слабый в срок наблюдения. ";"Облака покрывали более половины неба в течение одной части соответствующего периода и половину или менее в течение другой части периода.";"Облака покрывали более половины неба в течение одной части соответствующего периода и половину или менее в течение другой части периода.";"";"";"Слоисто-кучевых, слоистых, кучевых или кучево-дождевых облаков нет.";"70 – 80%.";"2500 или более, или облаков нет.";"Высококучевые просвечивающие, расположенные на одном уровне.";"Перистые плотные в виде клочьев или скрученных склонов, количество которых обычно не увеличивается, иногда могут казаться остатками верхней части кучево-дождевых; или перистые башенкообразные, или перистые хлопьевидные.";"4.0";"-24.1";"";"";"";"";"";"";
"20.11.2018 07:00";"-25.1";"765.1";"773.8";"-0.6";"85";"Ветер, дующий с востока";"1";"";"";"Облаков нет.";" ";"";"";"-27.0";"";"";"";"";"";"";"28.0";"-26.9";"Следы осадков";"12";"";"";"Ровный слой сухого рассыпчатого снега покрывает поверхность почвы полностью.";"22.0";
"20.11.2018 04:00";"-26.5";"765.7";"774.5";"-0.3";"84";"Штиль, безветрие";"0";"";"";"Облаков нет.";" ";"";"";"";"";"";"";"";"";"";"30.0";"-28.4";"";"";"";"";"";"";
"20.11.2018 01:00";"-22.7";"766.0";"774.6";"0.7";"85";"Штиль, безветрие";"0";"";"";"90  или более, но не 100%";"Состояние неба в общем не изменилось. ";"Снег и/или другие виды твердых осадков";"Облака покрывали более половины неба в течение всего соответствующего периода.";"";"";"Слоисто-кучевых, слоистых, кучевых или кучево-дождевых облаков нет.";"Облаков нет.";"2500 или более, или облаков нет.";"Высококучевых, высокослоистых или слоисто-дождевых облаков нет.";"Перистые нитевидные, иногда когтевидные, не распространяющиеся по небу.";"30.0";"-24.6";"";"";"";"";"";"";
"19.11.2018 22:00";"-20.3";"765.3";"773.8";"0.9";"85";"Ветер, дующий с западо-юго-запада";"2";"";"";"90  или более, но не 100%";"Состояние неба в общем не изменилось. ";"Снег и/или другие виды твердых осадков";"Облака покрывали более половины неба в течение всего соответствующего периода.";"";"";"Слоисто-кучевых, слоистых, кучевых или кучево-дождевых облаков нет.";"40%.";"2500 или более, или облаков нет.";"Высококучевые просвечивающие, расположенные на одном уровне.";"Перистые (часто в виде полос) и перисто-слоистые, распространяющиеся по небу и в целом обычно уплотняющиеся, но сплошная пелена поднимается над горизонтом менее чем на 45°.";"30.0";"-22.2";"";"";"";"";"";"";
"19.11.2018 19:00";"-19.3";"764.4";"772.9";"1.5";"85";"Ветер, дующий с запада";"3";"";"";"90  или более, но не 100%";"Снег непрерывный слабый в срок наблюдения. ";"Ливень (ливни).";"Снег и/или другие виды твердых осадков";"";"-18.8";"Слоисто-кучевых, слоистых, кучевых или кучево-дождевых облаков нет.";"70 – 80%.";"2500 или более, или облаков нет.";"Высококучевые просвечивающие, расположенные на одном уровне.";"Перистые плотные в виде клочьев или скрученных склонов, количество которых обычно не увеличивается, иногда могут казаться остатками верхней части кучево-дождевых; или перистые башенкообразные, или перистые хлопьевидные.";"9.0";"-21.2";"0.4";"12";"";"";"";"";
"19.11.2018 16:00";"-19.0";"762.9";"771.4";"0.7";"90";"Ветер, дующий с западо-юго-запада";"1";"";"";"90  или более, но не 100%";"Ливневый снег слабый в срок наблюдения или за последний час. ";"Ливень (ливни).";"Облака покрывали более половины неба в течение всего соответствующего периода.";"";"";"Кучево-дождевые волокнистые (часто с наковальней), либо с кучево-дождевыми лысыми, кучевыми, слоистыми, разорванно-дождевыми, либо без них.";"20–30%.";"600-1000";"Высококучевые просвечивающие, расположенные на одном уровне.";"Перистые плотные в виде клочьев или скрученных склонов, количество которых обычно не увеличивается, иногда могут казаться остатками верхней части кучево-дождевых; или перистые башенкообразные, или перистые хлопьевидные.";"4.0";"-20.2";"";"";"";"";"";"";
"19.11.2018 13:00";"-20.6";"762.2";"770.8";"0.3";"85";"Ветер, дующий с юго-запада";"1";"";"";"90  или более, но не 100%";" ";"";"";"";"";"Кучево-дождевые волокнистые (часто с наковальней), либо с кучево-дождевыми лысыми, кучевыми, слоистыми, разорванно-дождевыми, либо без них.";"60%.";"300-600";"Высококучевые просвечивающие, расположенные на одном уровне.";"Перистые плотные в виде клочьев или скрученных склонов, количество которых обычно не увеличивается, иногда могут казаться остатками верхней части кучево-дождевых; или перистые башенкообразные, или перистые хлопьевидные.";"20.0";"-22.5";"";"";"";"";"";"";
"19.11.2018 10:00";"-22.6";"761.9";"770.5";"0.4";"85";"Ветер, дующий с юго-юго-запада";"1";"";"";"100%.";" ";"";"";"-23.5";"";"Слоисто-кучевых, слоистых, кучевых или кучево-дождевых облаков нет.";"100%.";"2500 или более, или облаков нет.";"Высококучевые просвечивающие, полосами, либо один или несколько слоев высококучевых просвечивающих, распространяющихся по небу; эти высококучевые в целом уплотняются.";"";"20.0";"-24.4";"";"";"";"";"";"";
"19.11.2018 07:00";"-23.0";"761.5";"770.2";"0.0";"85";"Штиль, безветрие";"0";"";"";"100%.";" ";"";"";"-23.0";"";"Кучево-дождевые волокнистые (часто с наковальней), либо с кучево-дождевыми лысыми, кучевыми, слоистыми, разорванно-дождевыми, либо без них.";"40%.";"600-1000";"Высококучевые просвечивающие, полосами, либо один или несколько слоев высококучевых просвечивающих, распространяющихся по небу; эти высококучевые в целом уплотняются.";"";"28.0";"-24.9";"Осадков нет";"12";"";"";"Ровный слой сухого рассыпчатого снега покрывает поверхность почвы полностью.";"22.0";
"19.11.2018 04:00";"-22.1";"761.5";"770.2";"-0.3";"85";"Ветер, дующий с юго-юго-запада";"1";"";"";"100%.";"Состояние неба в общем не изменилось. ";"Туман или ледяной туман или сильная мгла.";"Облака покрывали более половины неба в течение всего соответствующего периода.";"";"";"Слоисто-кучевых, слоистых, кучевых или кучево-дождевых облаков нет.";"100%.";"2500 или более, или облаков нет.";"Высококучевые просвечивающие, полосами, либо один или несколько слоев высококучевых просвечивающих, распространяющихся по небу; эти высококучевые в целом уплотняются.";"";"26.0";"-24.0";"";"";"";"";"";"";
"19.11.2018 01:00";"-19.0";"761.8";"770.2";"-0.5";"85";"Ветер, дующий с юго-запада";"1";"";"";"90  или более, но не 100%";"Дымка. ";"Туман или ледяной туман или сильная мгла.";"Облака покрывали более половины неба в течение всего соответствующего периода.";"";"";"Слоисто-кучевых, слоистых, кучевых или кучево-дождевых облаков нет.";"60%.";"2500 или более, или облаков нет.";"Высококучевые просвечивающие, расположенные на одном уровне.";"Перистые плотные в виде клочьев или скрученных склонов, количество которых обычно не увеличивается, иногда могут казаться остатками верхней части кучево-дождевых; или перистые башенкообразные, или перистые хлопьевидные.";"9.0";"-20.9";"";"";"";"";"";"";
"18.11.2018 22:00";"-19.3";"762.3";"770.8";"-0.4";"85";"Штиль, безветрие";"0";"";"";"90  или более, но не 100%";"Туман или ледяной туман, небо видно, начался или усилился в течение последнего часа. ";"Облака покрывали более половины неба в течение всего соответствующего периода.";"Облака покрывали более половины неба в течение всего соответствующего периода.";"";"";"Слоисто-кучевых, слоистых, кучевых или кучево-дождевых облаков нет.";"60%.";"2500 или более, или облаков нет.";"Высококучевые просвечивающие, расположенные на одном уровне.";"Перистые плотные в виде клочьев или скрученных склонов, количество которых обычно не увеличивается, иногда могут казаться остатками верхней части кучево-дождевых; или перистые башенкообразные, или перистые хлопьевидные.";"0.5";"-21.2";"";"";"";"";"";"";
"18.11.2018 19:00";"-20.9";"762.7";"771.2";"-0.3";"85";"Штиль, безветрие";"0";"";"";"90  или более, но не 100%";" ";"";"";"";"-14.8";"Кучево-дождевые волокнистые (часто с наковальней), либо с кучево-дождевыми лысыми, кучевыми, слоистыми, разорванно-дождевыми, либо без них.";"20–30%.";"600-1000";"Высококучевые просвечивающие, расположенные на одном уровне.";"Перистые нитевидные, иногда когтевидные, не распространяющиеся по небу.";"30.0";"-22.8";"Следы осадков";"12";"";"";"";"";
"18.11.2018 16:00";"-16.3";"763.0";"771.4";"-0.5";"90";"Ветер, дующий с востоко-северо-востока";"1";"";"";"90  или более, но не 100%";" ";"";"";"";"";"Кучево-дождевые волокнистые (часто с наковальней), либо с кучево-дождевыми лысыми, кучевыми, слоистыми, разорванно-дождевыми, либо без них.";"20–30%.";"600-1000";"Высококучевые просвечивающие, расположенные на одном уровне.";"Перистые плотные в виде клочьев или скрученных склонов, количество которых обычно не увеличивается, иногда могут казаться остатками верхней части кучево-дождевых; или перистые башенкообразные, или перистые хлопьевидные.";"20.0";"-17.6";"";"";"";"";"";"";
"18.11.2018 13:00";"-15.7";"763.5";"771.9";"-0.1";"90";"Ветер, дующий с востоко-северо-востока";"1";"";"";"100%.";"Состояние неба в общем не изменилось. ";"Ливень (ливни).";"Облака покрывали более половины неба в течение всего соответствующего периода.";"";"";"Кучево-дождевые волокнистые (часто с наковальней), либо с кучево-дождевыми лысыми, кучевыми, слоистыми, разорванно-дождевыми, либо без них.";"60%.";"600-1000";"Высококучевые просвечивающие, полосами, либо один или несколько слоев высококучевых просвечивающих, распространяющихся по небу; эти высококучевые в целом уплотняются.";"";"50.0";"-17.0";"";"";"";"";"";"";
"18.11.2018 10:00";"-17.2";"763.6";"772.1";"-0.2";"90";"Ветер, дующий с юга";"1";"";"";"100%.";" ";"";"";"";"";"Слоисто-кучевых, слоистых, кучевых или кучево-дождевых облаков нет.";"100%.";"2500 или более, или облаков нет.";"Высококучевые просвечивающие, полосами, либо один или несколько слоев высококучевых просвечивающих, распространяющихся по небу; эти высококучевые в целом уплотняются.";"";"20.0";"-18.4";"";"";"";"";"";"";
"18.11.2018 07:00";"-19.8";"763.8";"772.3";"-0.4";"90";"Ветер, дующий с юго-запада";"1";"";"";"90  или более, но не 100%";"Состояние неба в общем не изменилось. ";"Ливень (ливни).";"Облака покрывали более половины неба в течение всего соответствующего периода.";"-20.5";"";"Слоисто-кучевых, слоистых, кучевых или кучево-дождевых облаков нет.";"70 – 80%.";"2500 или более, или облаков нет.";"Высококучевые просвечивающие, расположенные на одном уровне.";"Перистые плотные в виде клочьев или скрученных склонов, количество которых обычно не увеличивается, иногда могут казаться остатками верхней части кучево-дождевых; или перистые башенкообразные, или перистые хлопьевидные.";"30.0";"-21.0";"Следы осадков";"12";"";"";"Ровный слой сухого рассыпчатого снега покрывает поверхность почвы полностью.";"24.0";
"18.11.2018 04:00";"-19.5";"764.2";"772.7";"-0.5";"85";"Ветер, дующий с западо-юго-запада";"1";"";"";"90  или более, но не 100%";" ";"";"";"";"";"Кучево-дождевые волокнистые (часто с наковальней), либо с кучево-дождевыми лысыми, кучевыми, слоистыми, разорванно-дождевыми, либо без них.";"20–30%.";"600-1000";"Высококучевые просвечивающие, расположенные на одном уровне.";"Перистые плотные в виде клочьев или скрученных склонов, количество которых обычно не увеличивается, иногда могут казаться остатками верхней части кучево-дождевых; или перистые башенкообразные, или перистые хлопьевидные.";"30.0";"-21.4";"";"";"";"";"";"";
"18.11.2018 01:00";"-16.1";"764.7";"773.1";"-0.7";"85";"Ветер, дующий с юго-юго-запада";"2";"";"";"90  или более, но не 100%";"Состояние неба в общем не изменилось. ";"Ливень (ливни).";"Облака покрывали более половины неба в течение всего соответствующего периода.";"";"";"Кучево-дождевые волокнистые (часто с наковальней), либо с кучево-дождевыми лысыми, кучевыми, слоистыми, разорванно-дождевыми, либо без них.";"60%.";"600-1000";"Высококучевые просвечивающие, расположенные на одном уровне.";"Перистые плотные в виде клочьев или скрученных склонов, количество которых обычно не увеличивается, иногда могут казаться остатками верхней части кучево-дождевых; или перистые башенкообразные, или перистые хлопьевидные.";"30.0";"-18.0";"";"";"";"";"";"";
"17.11.2018 22:00";"-15.1";"765.4";"773.8";"-0.9";"85";"Ветер, дующий с западо-юго-запада";"2";"";"";"90  или более, но не 100%";"Состояние неба в общем не изменилось. ";"Ливень (ливни).";"Облака покрывали более половины неба в течение всего соответствующего периода.";"";"";"Кучево-дождевые волокнистые (часто с наковальней), либо с кучево-дождевыми лысыми, кучевыми, слоистыми, разорванно-дождевыми, либо без них.";"50%.";"600-1000";"Высококучевые просвечивающие, расположенные на одном уровне.";"Перистые плотные в виде клочьев или скрученных склонов, количество которых обычно не увеличивается, иногда могут казаться остатками верхней части кучево-дождевых; или перистые башенкообразные, или перистые хлопьевидные.";"30.0";"-17.1";"";"";"";"";"";"";
"17.11.2018 19:00";"-14.3";"766.3";"774.7";"-0.6";"85";"Ветер, дующий с юго-запада";"2";"";"";"100%.";"Состояние неба в общем не изменилось. ";"Ливень (ливни).";"Облака покрывали более половины неба в течение всего соответствующего периода.";"";"-14.2";"Кучево-дождевые волокнистые (часто с наковальней), либо с кучево-дождевыми лысыми, кучевыми, слоистыми, разорванно-дождевыми, либо без них.";"60%.";"600-1000";"Высококучевые просвечивающие, полосами, либо один или несколько слоев высококучевых просвечивающих, распространяющихся по небу; эти высококучевые в целом уплотняются.";"";"30.0";"-16.3";"0.8";"12";"";"";"";"";
"17.11.2018 16:00";"-14.4";"766.9";"775.3";"-1.2";"85";"Ветер, дующий с юго-юго-запада";"1";"";"";"100%.";"Ливневый снег слабый в срок наблюдения или за последний час. ";"Ливень (ливни).";"Облака покрывали более половины неба в течение всего соответствующего периода.";"";"";"Кучево-дождевые волокнистые (часто с наковальней), либо с кучево-дождевыми лысыми, кучевыми, слоистыми, разорванно-дождевыми, либо без них.";"50%.";"600-1000";"Высококучевые просвечивающие, полосами, либо один или несколько слоев высококучевых просвечивающих, распространяющихся по небу; эти высококучевые в целом уплотняются.";"";"4.0";"-16.4";"";"";"";"";"";"";
"17.11.2018 13:00";"-16.0";"768.1";"776.6";"-0.6";"85";"Ветер, дующий с юго-юго-запада";"1";"";"";"100%.";"Ливневый снег слабый в срок наблюдения или за последний час. ";"Ливень (ливни).";"Снег и/или другие виды твердых осадков";"";"";"Кучево-дождевые волокнистые (часто с наковальней), либо с кучево-дождевыми лысыми, кучевыми, слоистыми, разорванно-дождевыми, либо без них.";"50%.";"600-1000";"Высококучевые просвечивающие, полосами, либо один или несколько слоев высококучевых просвечивающих, распространяющихся по небу; эти высококучевые в целом уплотняются.";"";"4.0";"-17.9";"";"";"";"";"";"";
"17.11.2018 10:00";"-18.5";"768.7";"777.3";"-0.8";"85";"Ветер, дующий с юго-юго-востока";"1";"";"";"100%.";"Снег непрерывный слабый в срок наблюдения. ";"Снег и/или другие виды твердых осадков";"Облака покрывали более половины неба в течение всего соответствующего периода.";"";"";"Слоисто-кучевых, слоистых, кучевых или кучево-дождевых облаков нет.";"100%.";"2500 или более, или облаков нет.";"Высококучевые просвечивающие, полосами, либо один или несколько слоев высококучевых просвечивающих, распространяющихся по небу; эти высококучевые в целом уплотняются.";"";"4.0";"-20.4";"";"";"";"";"";"";
"17.11.2018 07:00";"-18.8";"769.5";"778.0";"0.1";"85";"Ветер, дующий с юго-запада";"1";"";"";"90  или более, но не 100%";"Снег непрерывный слабый в срок наблюдения. ";"Снег и/или другие виды твердых осадков";"Облака покрывали более половины неба в течение всего соответствующего периода.";"-19.1";"";"Слоисто-кучевых, слоистых, кучевых или кучево-дождевых облаков нет.";"60%.";"2500 или более, или облаков нет.";"Высококучевые просвечивающие, расположенные на одном уровне.";"Перистые нитевидные, иногда когтевидные, не распространяющиеся по небу.";"9.0";"-20.7";"Следы осадков";"12";"";"";"Ровный слой сухого рассыпчатого снега покрывает поверхность почвы полностью.";"24.0";
"17.11.2018 04:00";"-18.5";"769.4";"778.0";"0.2";"85";"Ветер, дующий с западо-юго-запада";"2";"";"";"90  или более, но не 100%";"Снег непрерывный слабый в срок наблюдения. ";"Облака покрывали более половины неба в течение всего соответствующего периода.";"Облака покрывали более половины неба в течение всего соответствующего периода.";"";"";"Слоисто-кучевых, слоистых, кучевых или кучево-дождевых облаков нет.";"70 – 80%.";"2500 или более, или облаков нет.";"Высококучевые просвечивающие, расположенные на одном уровне.";"Перистые нитевидные, иногда когтевидные, не распространяющиеся по небу.";"9.0";"-20.4";"";"";"";"";"";"";
"17.11.2018 01:00";"-18.5";"769.2";"777.7";"0.2";"80";"Ветер, дующий с западо-юго-запада";"3";"";"";"90  или более, но не 100%";"Состояние неба в общем не изменилось. ";"Ливень (ливни).";"Снег и/или другие виды твердых осадков";"";"";"Слоисто-кучевых, слоистых, кучевых или кучево-дождевых облаков нет.";"20–30%.";"2500 или более, или облаков нет.";"Высококучевые просвечивающие, расположенные на одном уровне.";"Перистые нитевидные, иногда когтевидные, не распространяющиеся по небу.";"30.0";"-21.1";"";"";"";"";"";"";
"16.11.2018 22:00";"-19.0";"769.0";"777.5";"1.0";"85";"Ветер, дующий с юго-запада";"2";"";"";"90  или более, но не 100%";"Снег непрерывный слабый в срок наблюдения. ";"Ливень (ливни).";"Снег и/или другие виды твердых осадков";"";"";"Слоисто-кучевых, слоистых, кучевых или кучево-дождевых облаков нет.";"60%.";"2500 или более, или облаков нет.";"Высококучевые просвечивающие, расположенные на одном уровне.";"Перистые нитевидные, иногда когтевидные, не распространяющиеся по небу.";"9.0";"-20.9";"";"";"";"";"";"";
"16.11.2018 19:00";"-17.0";"768.0";"776.5";"1.9";"80";"Ветер, дующий с запада";"4";"";"";"90  или более, но не 100%";"Ливневый снег слабый в срок наблюдения или за последний час. ";"Ливень (ливни).";"Метель";"";"-12.3";"Кучево-дождевые волокнистые (часто с наковальней), либо с кучево-дождевыми лысыми, кучевыми, слоистыми, разорванно-дождевыми, либо без них.";"20–30%.";"600-1000";"Высококучевые просвечивающие, расположенные на одном уровне.";"Перистые нитевидные, иногда когтевидные, не распространяющиеся по небу.";"9.0";"-19.6";"Следы осадков";"12";"";"";"";"";
"16.11.2018 16:00";"-15.0";"766.1";"774.5";"1.7";"76";"Ветер, дующий с западо-северо-запада";"5";"";"10";"60%.";"Слабый или умеренный поземок в целом низкий (ниже уровня глаз наблюдателя). ";"Ливень (ливни).";"Метель";"";"";"Кучево-дождевые волокнистые (часто с наковальней), либо с кучево-дождевыми лысыми, кучевыми, слоистыми, разорванно-дождевыми, либо без них.";"60%.";"600-1000";"Высококучевых, высокослоистых или слоисто-дождевых облаков нет.";"Перистых, перисто-кучевых или перисто-слоистых нет.";"50.0";"-18.4";"";"";"";"";"";"";
"16.11.2018 13:00";"-14.2";"764.4";"772.8";"1.6";"80";"Ветер, дующий с западо-северо-запада";"3";"";"10";"90  или более, но не 100%";"Ливневый снег слабый в срок наблюдения или за последний час. ";"Ливень (ливни).";"Метель";"";"";"Кучево-дождевые волокнистые (часто с наковальней), либо с кучево-дождевыми лысыми, кучевыми, слоистыми, разорванно-дождевыми, либо без них.";"20–30%.";"600-1000";"Высококучевых, высокослоистых или слоисто-дождевых облаков нет.";"Перистые нитевидные, иногда когтевидные, не распространяющиеся по небу.";"4.0";"-16.9";"";"";"";"";"";"";
"16.11.2018 10:00";"-14.0";"762.8";"771.1";"2.2";"80";"Ветер, дующий с западо-северо-запада";"5";"";"11";"90  или более, но не 100%";"Слабый или умеренный поземок в целом низкий (ниже уровня глаз наблюдателя). ";"Метель";"Облака покрывали более половины неба в течение одной части соответствующего периода и половину или менее в течение другой части периода.";"-14.0";"";"Слоисто-кучевых, слоистых, кучевых или кучево-дождевых облаков нет.";"60%.";"2500 или более, или облаков нет.";"Высококучевые просвечивающие, расположенные на одном уровне.";"Перистые плотные в виде клочьев или скрученных склонов, количество которых обычно не увеличивается, иногда могут казаться остатками верхней части кучево-дождевых; или перистые башенкообразные, или перистые хлопьевидные.";"50.0";"-16.7";"";"";"";"";"";"";
"16.11.2018 07:00";"-12.3";"760.6";"768.9";"1.8";"80";"Ветер, дующий с западо-северо-запада";"3";"";"10";"40%.";"Слабый или умеренный поземок в целом низкий (ниже уровня глаз наблюдателя). ";"Ливень (ливни).";"Метель";"-12.3";"";"Кучево-дождевые волокнистые (часто с наковальней), либо с кучево-дождевыми лысыми, кучевыми, слоистыми, разорванно-дождевыми, либо без них.";"10%  или менее, но не 0";"600-1000";"Высококучевых, высокослоистых или слоисто-дождевых облаков нет.";"Перистые нитевидные, иногда когтевидные, не распространяющиеся по небу.";"30.0";"-15.0";"0.8";"12";"";"";"Ровный слой сухого рассыпчатого снега покрывает поверхность почвы полностью.";"27.0";
"16.11.2018 04:00";"-9.6";"758.8";"767.0";"2.1";"69";"Ветер, дующий с северо-запада";"5";"";"13";"90  или более, но не 100%";"Слабый или умеренный поземок в целом низкий (ниже уровня глаз наблюдателя). ";"Ливень (ливни).";"Метель";"";"";"Кучево-дождевые волокнистые (часто с наковальней), либо с кучево-дождевыми лысыми, кучевыми, слоистыми, разорванно-дождевыми, либо без них.";"40%.";"600-1000";"Высококучевых, высокослоистых или слоисто-дождевых облаков нет.";"Перистые нитевидные, иногда когтевидные, не распространяющиеся по небу.";"30.0";"-14.2";"";"";"";"";"";"";
"16.11.2018 01:00";"-5.9";"756.7";"764.7";"0.6";"92";"Ветер, дующий с запада";"4";"";"";"100%.";"Ливневый снег слабый в срок наблюдения или за последний час. ";"Ливень (ливни).";"Метель";"";"";"Кучево-дождевые волокнистые (часто с наковальней), либо с кучево-дождевыми лысыми, кучевыми, слоистыми, разорванно-дождевыми, либо без них.";"100%.";"600-1000";"";"";"9.0";"-7.0";"";"";"";"";"";"";
"15.11.2018 22:00";"-5.7";"756.1";"764.1";"1.1";"89";"Ветер, дующий с западо-юго-запада";"4";"";"";"90  или более, но не 100%";"Ливневый снег слабый в срок наблюдения или за последний час. ";"Ливень (ливни).";"Метель";"";"";"Кучево-дождевые волокнистые (часто с наковальней), либо с кучево-дождевыми лысыми, кучевыми, слоистыми, разорванно-дождевыми, либо без них.";"90  или более, но не 100%";"600-1000";"Высококучевых, высокослоистых или слоисто-дождевых облаков нет.";"Перистых, перисто-кучевых или перисто-слоистых нет.";"9.0";"-7.2";"";"";"";"";"";"";
"15.11.2018 19:00";"-5.8";"755.0";"763.0";"1.6";"89";"Ветер, дующий с западо-юго-запада";"4";"";"";"100%.";"Ливневый снег слабый в срок наблюдения или за последний час. ";"Ливень (ливни).";"Метель";"";"-5.8";"Кучево-дождевые волокнистые (часто с наковальней), либо с кучево-дождевыми лысыми, кучевыми, слоистыми, разорванно-дождевыми, либо без них.";"70 – 80%.";"600-1000";"Высококучевые просвечивающие, полосами, либо один или несколько слоев высококучевых просвечивающих, распространяющихся по небу; эти высококучевые в целом уплотняются.";"";"9.0";"-7.3";"3.0";"12";"";"";"";"";
"15.11.2018 16:00";"-6.1";"753.4";"761.5";"0.8";"87";"Ветер, дующий с юго-запада";"4";"";"13";"100%.";"Ливневый снег слабый в срок наблюдения или за последний час. ";"Ливень (ливни).";"Метель";"";"";"Кучево-дождевые волокнистые (часто с наковальней), либо с кучево-дождевыми лысыми, кучевыми, слоистыми, разорванно-дождевыми, либо без них.";"70 – 80%.";"600-1000";"Высококучевые просвечивающие, полосами, либо один или несколько слоев высококучевых просвечивающих, распространяющихся по небу; эти высококучевые в целом уплотняются.";"";"4.0";"-8.0";"";"";"";"";"";"";
"15.11.2018 13:00";"-6.7";"752.6";"760.6";"-0.9";"83";"Ветер, дующий с юго-запада";"7";"";"13";"100%.";"Ливневый снег слабый в срок наблюдения или за последний час. ";"Ливень (ливни).";"Метель";"";"";"Кучево-дождевые волокнистые (часто с наковальней), либо с кучево-дождевыми лысыми, кучевыми, слоистыми, разорванно-дождевыми, либо без них.";"100%.";"600-1000";"";"";"4.0";"-9.1";"";"";"";"";"";"";
"15.11.2018 10:00";"-6.9";"753.5";"761.5";"-1.9";"88";"Ветер, дующий с юго-юго-запада";"5";"";"";"100%.";"Ливневый снег умеренный или сильный в срок наблюдения или за последний час. ";"Ливень (ливни).";"Метель";"";"";"Кучево-дождевые волокнистые (часто с наковальней), либо с кучево-дождевыми лысыми, кучевыми, слоистыми, разорванно-дождевыми, либо без них.";"100%.";"600-1000";"";"";"1.0";"-8.6";"";"";"";"";"";"";
"15.11.2018 07:00";"-6.5";"755.4";"763.4";"-2.0";"86";"Ветер, дующий с юго-юго-запада";"4";"";"";"100%.";"Ливневый снег слабый в срок наблюдения или за последний час. ";"Ливень (ливни).";"Метель";"-7.6";"";"Кучево-дождевые волокнистые (часто с наковальней), либо с кучево-дождевыми лысыми, кучевыми, слоистыми, разорванно-дождевыми, либо без них.";"70 – 80%.";"600-1000";"Высококучевые просвечивающие, полосами, либо один или несколько слоев высококучевых просвечивающих, распространяющихся по небу; эти высококучевые в целом уплотняются.";"";"9.0";"-8.5";"2.0";"12";"";"";"Ровный слой сухого рассыпчатого снега покрывает поверхность почвы полностью.";"17.0";
"15.11.2018 04:00";"-7.2";"757.4";"765.4";"-1.8";"85";"Ветер, дующий с западо-юго-запада";"3";"";"";"100%.";"Ливневый снег слабый в срок наблюдения или за последний час. ";"Ливень (ливни).";"Метель";"";"";"Кучево-дождевые волокнистые (часто с наковальней), либо с кучево-дождевыми лысыми, кучевыми, слоистыми, разорванно-дождевыми, либо без них.";"70 – 80%.";"600-1000";"Высококучевые просвечивающие, полосами, либо один или несколько слоев высококучевых просвечивающих, распространяющихся по небу; эти высококучевые в целом уплотняются.";"";"9.0";"-9.3";"";"";"";"";"";"";
"15.11.2018 01:00";"-7.6";"759.2";"767.3";"-0.9";"84";"Ветер, дующий с юго-запада";"4";"";"";"100%.";"Ливневый снег слабый в срок наблюдения или за последний час. ";"Ливень (ливни).";"Метель";"";"";"Кучево-дождевые волокнистые (часто с наковальней), либо с кучево-дождевыми лысыми, кучевыми, слоистыми, разорванно-дождевыми, либо без них.";"70 – 80%.";"600-1000";"Высококучевые просвечивающие, полосами, либо один или несколько слоев высококучевых просвечивающих, распространяющихся по небу; эти высококучевые в целом уплотняются.";"";"9.0";"-9.8";"";"";"";"";"";"";
"14.11.2018 22:00";"-7.2";"760.1";"768.1";"-0.8";"88";"Ветер, дующий с юго-юго-запада";"4";"";"";"100%.";"Ливневый снег слабый в срок наблюдения или за последний час. ";"Ливень (ливни).";"Метель";"";"";"Кучево-дождевые волокнистые (часто с наковальней), либо с кучево-дождевыми лысыми, кучевыми, слоистыми, разорванно-дождевыми, либо без них.";"70 – 80%.";"600-1000";"Высококучевые просвечивающие, полосами, либо один или несколько слоев высококучевых просвечивающих, распространяющихся по небу; эти высококучевые в целом уплотняются.";"";"9.0";"-8.9";"";"";"";"";"";"";
"14.11.2018 19:00";"-7.4";"760.9";"769.0";"-0.2";"88";"Ветер, дующий с юго-юго-запада";"4";"";"";"100%.";"Ливневый снег слабый в срок наблюдения или за последний час. ";"Ливень (ливни).";"Облака покрывали более половины неба в течение всего соответствующего периода.";"";"-7.1";"Кучево-дождевые волокнистые (часто с наковальней), либо с кучево-дождевыми лысыми, кучевыми, слоистыми, разорванно-дождевыми, либо без них.";"100%.";"600-1000";"";"";"8.0";"-9.1";"2.0";"12";"";"";"";"";
"14.11.2018 16:00";"-7.5";"761.1";"769.2";"-0.4";"88";"Ветер, дующий с юго-юго-запада";"3";"";"";"100%.";"Ливневый снег умеренный или сильный в срок наблюдения или за последний час. ";"Ливень (ливни).";"Облака покрывали более половины неба в течение всего соответствующего периода.";"";"";"Кучево-дождевые волокнистые (часто с наковальней), либо с кучево-дождевыми лысыми, кучевыми, слоистыми, разорванно-дождевыми, либо без них.";"100%.";"600-1000";"";"";"1.0";"-9.2";"";"";"";"";"";"";
"14.11.2018 13:00";"-7.8";"761.5";"769.6";"-0.9";"81";"Ветер, дующий с юго-юго-запада";"4";"";"";"100%.";"Ливневый снег слабый в срок наблюдения или за последний час. ";"Ливень (ливни).";"Облака покрывали более половины неба в течение всего соответствующего периода.";"";"";"Кучево-дождевые волокнистые (часто с наковальней), либо с кучево-дождевыми лысыми, кучевыми, слоистыми, разорванно-дождевыми, либо без них.";"70 – 80%.";"600-1000";"Высококучевые просвечивающие, полосами, либо один или несколько слоев высококучевых просвечивающих, распространяющихся по небу; эти высококучевые в целом уплотняются.";"";"4.0";"-10.5";"";"";"";"";"";"";
"14.11.2018 10:00";"-8.9";"762.4";"770.5";"0.1";"89";"Ветер, дующий с юга";"2";"";"";"90  или более, но не 100%";"Ливневый снег слабый в срок наблюдения или за последний час. ";"Ливень (ливни).";"Облака покрывали более половины неба в течение всего соответствующего периода.";"-13.7";"";"Кучево-дождевые волокнистые (часто с наковальней), либо с кучево-дождевыми лысыми, кучевыми, слоистыми, разорванно-дождевыми, либо без них.";"90  или более, но не 100%";"600-1000";"Высококучевых, высокослоистых или слоисто-дождевых облаков нет.";"Перистых, перисто-кучевых или перисто-слоистых нет.";"4.0";"-10.4";"";"";"";"";"";"";
"14.11.2018 07:00";"-13.4";"762.3";"770.6";"-0.1";"85";"Ветер, дующий с юго-востока";"1";"";"";"100%.";"Ливневый снег слабый в срок наблюдения или за последний час. ";"Ливень (ливни).";"Метель";"-13.4";"";"Кучево-дождевые волокнистые (часто с наковальней), либо с кучево-дождевыми лысыми, кучевыми, слоистыми, разорванно-дождевыми, либо без них.";"70 – 80%.";"600-1000";"Высококучевые просвечивающие, полосами, либо один или несколько слоев высококучевых просвечивающих, распространяющихся по небу; эти высококучевые в целом уплотняются.";"";"9.0";"-15.4";"0.8";"12";"";"";"Ровный слой сухого рассыпчатого снега покрывает поверхность почвы полностью.";"16.0";
"14.11.2018 04:00";"-13.0";"762.4";"770.6";"0.9";"85";"Ветер, дующий с востоко-юго-востока";"1";"";"";"100%.";"Ливневый снег слабый в срок наблюдения или за последний час. ";"Ливень (ливни).";"Метель";"";"";"Кучево-дождевые волокнистые (часто с наковальней), либо с кучево-дождевыми лысыми, кучевыми, слоистыми, разорванно-дождевыми, либо без них.";"70 – 80%.";"600-1000";"Высококучевые просвечивающие, полосами, либо один или несколько слоев высококучевых просвечивающих, распространяющихся по небу; эти высококучевые в целом уплотняются.";"";"9.0";"-15.0";"";"";"";"";"";"";
"14.11.2018 01:00";"-12.7";"761.5";"769.7";"2.1";"85";"Ветер, дующий с северо-северо-запада";"3";"";"";"100%.";"Слабый или умеренный поземок в целом низкий (ниже уровня глаз наблюдателя). ";"Ливень (ливни).";"Метель";"";"";"Кучево-дождевые волокнистые (часто с наковальней), либо с кучево-дождевыми лысыми, кучевыми, слоистыми, разорванно-дождевыми, либо без них.";"50%.";"600-1000";"Высококучевые просвечивающие, полосами, либо один или несколько слоев высококучевых просвечивающих, распространяющихся по небу; эти высококучевые в целом уплотняются.";"";"26.0";"-14.7";"";"";"";"";"";"";
"13.11.2018 22:00";"-9.2";"759.4";"767.5";"0.9";"86";"Ветер, дующий с западо-юго-запада";"3";"";"";"100%.";"Ливневый снег слабый в срок наблюдения или за последний час. ";"Ливень (ливни).";"Облака покрывали более половины неба в течение всего соответствующего периода.";"";"";"Кучево-дождевые волокнистые (часто с наковальней), либо с кучево-дождевыми лысыми, кучевыми, слоистыми, разорванно-дождевыми, либо без них.";"60%.";"600-1000";"Высококучевые просвечивающие, полосами, либо один или несколько слоев высококучевых просвечивающих, распространяющихся по небу; эти высококучевые в целом уплотняются.";"";"9.0";"-11.2";"";"";"";"";"";"";
"13.11.2018 19:00";"-9.6";"758.5";"766.7";"0.8";"85";"Ветер, дующий с юго-запада";"4";"";"";"100%.";"Ливневый снег слабый в срок наблюдения или за последний час. ";"Ливень (ливни).";"Облака покрывали более половины неба в течение всего соответствующего периода.";"";"-9.6";"Кучево-дождевые волокнистые (часто с наковальней), либо с кучево-дождевыми лысыми, кучевыми, слоистыми, разорванно-дождевыми, либо без них.";"60%.";"600-1000";"Высококучевые просвечивающие, полосами, либо один или несколько слоев высококучевых просвечивающих, распространяющихся по небу; эти высококучевые в целом уплотняются.";"";"9.0";"-11.7";"1.0";"12";"";"";"";"";
"13.11.2018 16:00";"-10.4";"757.7";"765.9";"0.5";"80";"Ветер, дующий с юго-юго-запада";"3";"";"";"100%.";"Ливневый снег слабый в срок наблюдения или за последний час. ";"Ливень (ливни).";"Облака покрывали более половины неба в течение всего соответствующего периода.";"";"";"Кучево-дождевые волокнистые (часто с наковальней), либо с кучево-дождевыми лысыми, кучевыми, слоистыми, разорванно-дождевыми, либо без них.";"60%.";"600-1000";"Высококучевые просвечивающие, полосами, либо один или несколько слоев высококучевых просвечивающих, распространяющихся по небу; эти высококучевые в целом уплотняются.";"";"4.0";"-13.2";"";"";"";"";"";"";
"13.11.2018 13:00";"-11.8";"757.2";"765.4";"0.2";"80";"Ветер, дующий с юго-юго-запада";"4";"";"";"100%.";"Ливневый снег слабый в срок наблюдения или за последний час. ";"Ливень (ливни).";"Снег и/или другие виды твердых осадков";"";"";"Кучево-дождевые волокнистые (часто с наковальней), либо с кучево-дождевыми лысыми, кучевыми, слоистыми, разорванно-дождевыми, либо без них.";"60%.";"600-1000";"Высококучевые просвечивающие, полосами, либо один или несколько слоев высококучевых просвечивающих, распространяющихся по небу; эти высококучевые в целом уплотняются.";"";"4.0";"-14.6";"";"";"";"";"";"";
"13.11.2018 10:00";"-13.7";"757.0";"765.3";"-0.2";"80";"Ветер, дующий с юга";"3";"";"";"100%.";"Ливневый снег слабый в срок наблюдения или за последний час. ";"Ливень (ливни).";"Снег и/или другие виды твердых осадков";"";"";"Кучево-дождевые волокнистые (часто с наковальней), либо с кучево-дождевыми лысыми, кучевыми, слоистыми, разорванно-дождевыми, либо без них.";"70 – 80%.";"600-1000";"Высококучевые просвечивающие, полосами, либо один или несколько слоев высококучевых просвечивающих, распространяющихся по небу; эти высококучевые в целом уплотняются.";"";"4.0";"-16.4";"";"";"";"";"";"";
"13.11.2018 07:00";"-14.5";"757.2";"765.4";"-0.1";"80";"Ветер, дующий с юга";"3";"";"";"100%.";"Снег непрерывный слабый в срок наблюдения. ";"Снег и/или другие виды твердых осадков";"Метель";"-17.0";"";"Слоисто-кучевых, слоистых, кучевых или кучево-дождевых облаков нет.";"100%.";"2500 или более, или облаков нет.";"Высококучевые просвечивающие, полосами, либо один или несколько слоев высококучевых просвечивающих, распространяющихся по небу; эти высококучевые в целом уплотняются.";"";"9.0";"-17.2";"2.0";"12";"";"";"Ровный слой сухого рассыпчатого снега покрывает поверхность почвы полностью.";"13.0";
"13.11.2018 04:00";"-14.8";"757.3";"765.6";"-0.5";"80";"Ветер, дующий с юго-юго-запада";"3";"";"";"100%.";"Снег непрерывный слабый в срок наблюдения. ";"Снег и/или другие виды твердых осадков";"Метель";"";"";"Слоисто-кучевых, слоистых, кучевых или кучево-дождевых облаков нет.";"100%.";"2500 или более, или облаков нет.";"Высококучевые просвечивающие, полосами, либо один или несколько слоев высококучевых просвечивающих, распространяющихся по небу; эти высококучевые в целом уплотняются.";"";"9.0";"-17.5";"";"";"";"";"";"";
"13.11.2018 01:00";"-14.8";"757.8";"765.7";"-0.9";"84";"Ветер, дующий с юга";"3";"";"";"100%.";"Снег непрерывный слабый в срок наблюдения. ";"Снег и/или другие виды твердых осадков";"Метель";"";"";"Слоисто-кучевых, слоистых, кучевых или кучево-дождевых облаков нет.";"100%.";"2500 или более, или облаков нет.";"Высококучевые просвечивающие, полосами, либо один или несколько слоев высококучевых просвечивающих, распространяющихся по небу; эти высококучевые в целом уплотняются.";"";"9.0";"-16.9";"";"";"";"";"";"";
"12.11.2018 22:00";"-16.5";"758.7";"767.0";"-0.7";"80";"Ветер, дующий с юга";"4";"";"";"100%.";"Снег непрерывный слабый в срок наблюдения. ";"Снег и/или другие виды твердых осадков";"Метель";"";"";"Слоисто-кучевых, слоистых, кучевых или кучево-дождевых облаков нет.";"100%.";"2500 или более, или облаков нет.";"Высококучевые просвечивающие, полосами, либо один или несколько слоев высококучевых просвечивающих, распространяющихся по небу; эти высококучевые в целом уплотняются.";"";"9.0";"-19.1";"";"";"";"";"";"";
"12.11.2018 19:00";"-17.0";"759.4";"767.9";"-1.4";"75";"Ветер, дующий с юга";"4";"";"";"100%.";"Снег непрерывный слабый в срок наблюдения. ";"Снег и/или другие виды твердых осадков";"Облака покрывали более половины неба в течение всего соответствующего периода.";"";"-17.0";"Слоисто-кучевых, слоистых, кучевых или кучево-дождевых облаков нет.";"100%.";"2500 или более, или облаков нет.";"Высококучевые просвечивающие, полосами, либо один или несколько слоев высококучевых просвечивающих, распространяющихся по небу; эти высококучевые в целом уплотняются.";"";"9.0";"-20.4";"0.4";"12";"";"";"";"";
"12.11.2018 16:00";"-18.6";"760.8";"769.3";"-1.6";"75";"Ветер, дующий с юго-юго-востока";"4";"";"";"100%.";" ";"";"";"";"";"Слоисто-кучевых, слоистых, кучевых или кучево-дождевых облаков нет.";"100%.";"2500 или более, или облаков нет.";"Высококучевые просвечивающие, полосами, либо один или несколько слоев высококучевых просвечивающих, распространяющихся по небу; эти высококучевые в целом уплотняются.";"";"50.0";"-21.9";"";"";"";"";"";"";
"12.11.2018 13:00";"-21.1";"762.4";"771.0";"-2.0";"80";"Ветер, дующий с юго-юго-востока";"3";"";"";"90  или более, но не 100%";"Состояние неба в общем не изменилось. ";"Снег и/или другие виды твердых осадков";"Облака покрывали более половины неба в течение всего соответствующего периода.";"";"";"Слоисто-кучевых, слоистых, кучевых или кучево-дождевых облаков нет.";"20–30%.";"2500 или более, или облаков нет.";"Высококучевые просвечивающие, расположенные на одном уровне.";"Перистые нитевидные, иногда когтевидные, не распространяющиеся по небу.";"50.0";"-23.6";"";"";"";"";"";"";
"12.11.2018 10:00";"-25.6";"764.4";"773.2";"-0.7";"80";"Ветер, дующий с юго-востока";"2";"";"";"90  или более, но не 100%";"Состояние неба в общем не изменилось. ";"Снег и/или другие виды твердых осадков";"Облака покрывали более половины неба в течение всего соответствующего периода.";"-25.6";"";"Слоисто-кучевых, слоистых, кучевых или кучево-дождевых облаков нет.";"70 – 80%.";"2500 или более, или облаков нет.";"Высококучевые просвечивающие, расположенные на одном уровне.";"Перистые нитевидные, иногда когтевидные, не распространяющиеся по небу.";"50.0";"-28.1";"";"";"";"";"";"";
"12.11.2018 07:00";"-25.4";"765.1";"773.9";"-0.6";"80";"Ветер, дующий с юга";"2";"";"";"90  или более, но не 100%";"Снег непрерывный слабый в срок наблюдения. ";"Снег и/или другие виды твердых осадков";"Облака покрывали более половины неба в течение одной части соответствующего периода и половину или менее в течение другой части периода.";"-25.7";"";"Слоисто-кучевых, слоистых, кучевых или кучево-дождевых облаков нет.";"50%.";"2500 или более, или облаков нет.";"Высококучевые просвечивающие, расположенные на одном уровне.";"Перистые нитевидные, иногда когтевидные, не распространяющиеся по небу.";"9.0";"-27.8";"0.2";"12";"";"";"Ровный слой сухого рассыпчатого снега покрывает поверхность почвы полностью.";"12.0";
"12.11.2018 04:00";"-25.2";"765.7";"774.5";"-0.6";"80";"Ветер, дующий с юго-юго-востока";"1";"";"";"40%.";"Состояние неба в общем не изменилось. ";"Снег и/или другие виды твердых осадков";"Облака покрывали более половины неба в течение одной части соответствующего периода и половину или менее в течение другой части периода.";"";"";"Слоисто-кучевых, слоистых, кучевых или кучево-дождевых облаков нет.";"Облаков нет.";"2500 или более, или облаков нет.";"Высококучевых, высокослоистых или слоисто-дождевых облаков нет.";"Перистые нитевидные, иногда когтевидные, не распространяющиеся по небу.";"30.0";"-27.7";"";"";"";"";"";"";
"12.11.2018 01:00";"-25.4";"766.3";"775.1";"-0.4";"80";"Штиль, безветрие";"0";"";"";"90  или более, но не 100%";"Снег непрерывный слабый в срок наблюдения. ";"Снег и/или другие виды твердых осадков";"Облака покрывали более половины неба в течение всего соответствующего периода.";"";"";"Слоисто-кучевых, слоистых, кучевых или кучево-дождевых облаков нет.";"60%.";"2500 или более, или облаков нет.";"Высококучевые просвечивающие, расположенные на одном уровне.";"Перистые плотные в виде клочьев или скрученных склонов, количество которых обычно не увеличивается, иногда могут казаться остатками верхней части кучево-дождевых; или перистые башенкообразные, или перистые хлопьевидные.";"9.0";"-27.8";"";"";"";"";"";"";
"11.11.2018 22:00";"-24.8";"766.7";"775.4";"-0.2";"80";"Ветер, дующий с юга";"1";"";"";"90  или более, но не 100%";" ";"";"";"";"";"Слоисто-кучевых, слоистых, кучевых или кучево-дождевых облаков нет.";"20–30%.";"2500 или более, или облаков нет.";"Высококучевые просвечивающие, расположенные на одном уровне.";"Перистые нитевидные, иногда когтевидные, не распространяющиеся по небу.";"26.0";"-27.3";"";"";"";"";"";"";
"11.11.2018 19:00";"-24.2";"766.9";"775.7";"0.3";"80";"Ветер, дующий с юга";"1";"";"";"90  или более, но не 100%";" ";"";"";"";"-19.7";"Слоисто-кучевых, слоистых, кучевых или кучево-дождевых облаков нет.";"Облаков нет.";"2500 или более, или облаков нет.";"Высококучевых, высокослоистых или слоисто-дождевых облаков нет.";"Перистые нитевидные, иногда когтевидные, не распространяющиеся по небу.";"26.0";"-26.7";"Осадков нет";"12";"";"";"";"";
"11.11.2018 16:00";"-20.1";"766.6";"775.1";"0.2";"85";"Ветер, дующий с юга";"1";"";"";"90  или более, но не 100%";" ";"";"";"";"";"Слоисто-кучевых, слоистых, кучевых или кучево-дождевых облаков нет.";"Облаков нет.";"2500 или более, или облаков нет.";"Высококучевых, высокослоистых или слоисто-дождевых облаков нет.";"Перистые нитевидные, иногда когтевидные, не распространяющиеся по небу.";"10.0";"-22.0";"";"";"";"";"";"";
"11.11.2018 13:00";"-22.6";"766.4";"775.0";"0.1";"80";"Ветер, дующий с востоко-северо-востока";"1";"";"";"Облаков нет.";" ";"";"";"";"";"";"";"";"";"";"10.0";"-25.1";"";"";"";"";"";"";
"11.11.2018 10:00";"-28.5";"766.3";"775.1";"0.9";"79";"Ветер, дующий с юго-юго-запада";"1";"";"";"90  или более, но не 100%";"Дымка. ";"Облака покрывали более половины неба в течение одной части соответствующего периода и половину или менее в течение другой части периода.";"Облака покрывали более половины неба в течение одной части соответствующего периода и половину или менее в течение другой части периода.";"-30.4";"";"Слоисто-кучевых, слоистых, кучевых или кучево-дождевых облаков нет.";"Облаков нет.";"2500 или более, или облаков нет.";"Высококучевых, высокослоистых или слоисто-дождевых облаков нет.";"Перистые плотные в виде клочьев или скрученных склонов, количество которых обычно не увеличивается, иногда могут казаться остатками верхней части кучево-дождевых; или перистые башенкообразные, или перистые хлопьевидные.";"4.0";"-31.0";"";"";"";"";"";"";
"11.11.2018 07:00";"-30.2";"765.4";"774.3";"0.7";"79";"Ветер, дующий с юго-юго-востока";"1";"";"";"Облаков нет.";" ";"";"";"-30.2";"";"";"";"";"";"";"30.0";"-32.6";"Осадков нет";"12";"";"";"Ровный слой сухого рассыпчатого снега покрывает поверхность почвы полностью.";"12.0";
"11.11.2018 04:00";"-28.6";"764.7";"773.5";"0.2";"80";"Ветер, дующий с юго-юго-востока";"1";"";"";"Облаков нет.";" ";"";"";"";"";"";"";"";"";"";"30.0";"-31.0";"";"";"";"";"";"";
"11.11.2018 01:00";"-25.7";"764.5";"773.2";"0.8";"80";"Штиль, безветрие";"0";"";"";"Облаков нет.";" ";"";"";"";"";"";"";"";"";"";"30.0";"-28.1";"";"";"";"";"";"";
"10.11.2018 22:00";"-26.2";"763.7";"772.5";"1.2";"79";"Ветер, дующий с юга";"2";"";"";"Облаков нет.";" ";"";"";"";"";"";"";"";"";"";"30.0";"-28.7";"";"";"";"";"";"";
"10.11.2018 19:00";"-22.1";"762.5";"771.1";"1.0";"80";"Ветер, дующий с юга";"1";"";"";"20–30%.";" ";"";"";"";"-18.2";"Слоисто-кучевых, слоистых, кучевых или кучево-дождевых облаков нет.";"Облаков нет.";"2500 или более, или облаков нет.";"Высококучевых, высокослоистых или слоисто-дождевых облаков нет.";"Перистые нитевидные, иногда когтевидные, не распространяющиеся по небу.";"30.0";"-24.7";"Следы осадков";"12";"";"";"";"";
"10.11.2018 16:00";"-18.8";"761.5";"769.9";"0.9";"65";"Ветер, дующий с юга";"2";"";"";"90  или более, но не 100%";" ";"";"";"";"";"Кучево-дождевые волокнистые (часто с наковальней), либо с кучево-дождевыми лысыми, кучевыми, слоистыми, разорванно-дождевыми, либо без них.";"20–30%.";"600-1000";"Высококучевые просвечивающие, расположенные на одном уровне.";"Перистые нитевидные, иногда когтевидные, не распространяющиеся по небу.";"50.0";"-23.7";"";"";"";"";"";"";
"10.11.2018 13:00";"-19.4";"760.6";"769.2";"0.5";"65";"Ветер, дующий с юго-юго-запада";"3";"";"";"90  или более, но не 100%";"Состояние неба в общем не изменилось. ";"Снег и/или другие виды твердых осадков";"Облака покрывали более половины неба в течение одной части соответствующего периода и половину или менее в течение другой части периода.";"";"";"Кучевые плоские или кучевые разорванные, или те и другие вместе, не относящиеся к облакам плохой погоды.";"20–30%.";"1000-1500";"Высококучевые просвечивающие, расположенные на одном уровне.";"Перистые нитевидные, иногда когтевидные, не распространяющиеся по небу.";"50.0";"-24.3";"";"";"";"";"";"";
"10.11.2018 10:00";"-23.2";"760.1";"768.7";"1.4";"80";"Ветер, дующий с юга";"1";"";"";"90  или более, но не 100%";" ";"";"";"-24.0";"";"Слоисто-кучевых, слоистых, кучевых или кучево-дождевых облаков нет.";"20–30%.";"2500 или более, или облаков нет.";"Высококучевые просвечивающие, расположенные на одном уровне.";"Перистые нитевидные, иногда когтевидные, не распространяющиеся по небу.";"50.0";"-25.7";"";"";"";"";"";"";
"10.11.2018 07:00";"-23.2";"758.7";"767.3";"1.5";"75";"Ветер, дующий с юго-юго-востока";"2";"";"";"Облаков нет.";"Состояние неба в общем не изменилось. ";"Метель";"Облака покрывали половину неба или менее в течение всего соответствующего периода.";"-23.2";"";"";"";"";"";"";"30.0";"-26.4";"Осадков нет";"12";"";"";"Ровный слой сухого рассыпчатого снега покрывает поверхность почвы полностью.";"12.0";
"10.11.2018 04:00";"-21.4";"757.2";"765.7";"3.5";"65";"Ветер, дующий с запада";"3";"";"10";"Облаков нет.";"Слабый или умеренный поземок в целом низкий (ниже уровня глаз наблюдателя). ";"Метель";"Облака покрывали половину неба или менее в течение всего соответствующего периода.";"";"";"";"";"";"";"";"30.0";"-26.2";"";"";"";"";"";"";
"10.11.2018 01:00";"-18.0";"753.7";"762.1";"3.3";"67";"Ветер, дующий с запада";"5";"";"12";"Облаков нет.";" ";"";"";"";"";"";"";"";"";"";"30.0";"-22.6";"";"";"";"";"";"";
"09.11.2018 22:00";"-15.1";"750.4";"758.5";"4.1";"71";"Ветер, дующий с запада";"4";"";"10";"40%.";" ";"";"";"";"";"Слоисто-кучевых, слоистых, кучевых или кучево-дождевых облаков нет.";"40%.";"2500 или более, или облаков нет.";"Высококучевые просвечивающие, расположенные на одном уровне.";"Перистых, перисто-кучевых или перисто-слоистых нет.";"30.0";"-19.3";"";"";"";"";"";"";
"09.11.2018 19:00";"-12.3";"746.3";"754.4";"5.4";"71";"Ветер, дующий с запада";"5";"";"";"90  или более, но не 100%";"Слабый или умеренный поземок в целом низкий (ниже уровня глаз наблюдателя). ";"Ливень (ливни).";"Метель";"";"1.8";"Слоисто-кучевых, слоистых, кучевых или кучево-дождевых облаков нет.";"40%.";"2500 или более, или облаков нет.";"Высококучевые просвечивающие, расположенные на одном уровне.";"Перистые нитевидные, иногда когтевидные, не распространяющиеся по небу.";"30.0";"-16.6";"0.4";"12";"";"";"";"";
"09.11.2018 16:00";"-7.2";"740.9";"748.9";"5.5";"69";"Ветер, дующий с запада";"6";"";"18";"90  или более, но не 100%";"Слабый или умеренный поземок в целом низкий (ниже уровня глаз наблюдателя). ";"Ливень (ливни).";"Метель";"";"";"Кучево-дождевые волокнистые (часто с наковальней), либо с кучево-дождевыми лысыми, кучевыми, слоистыми, разорванно-дождевыми, либо без них.";"40%.";"600-1000";"Высококучевые просвечивающие, расположенные на одном уровне.";"Перистые нитевидные, иногда когтевидные, не распространяющиеся по небу.";"50.0";"-12.0";"";"";"";"";"";"";
"09.11.2018 13:00";"1.8";"735.4";"742.9";"0.7";"80";"Ветер, дующий с юго-запада";"9";"";"20";"100%.";"Ливневый снег умеренный или сильный в срок наблюдения или за последний час. ";"Ливень (ливни).";"Облака покрывали более половины неба в течение всего соответствующего периода.";"";"";"Кучево-дождевые волокнистые (часто с наковальней), либо с кучево-дождевыми лысыми, кучевыми, слоистыми, разорванно-дождевыми, либо без них.";"100%.";"600-1000";"";"";"0.5";"-1.3";"";"";"";"";"";"";
"09.11.2018 10:00";"1.1";"734.7";"742.3";"-0.5";"87";"Ветер, дующий с юго-юго-запада";"5";"";"";"90  или более, но не 100%";"Ливневый снег слабый в срок наблюдения или за последний час. ";"Ливень (ливни).";"Облака покрывали более половины неба в течение всего соответствующего периода.";"";"";"Кучево-дождевые волокнистые (часто с наковальней), либо с кучево-дождевыми лысыми, кучевыми, слоистыми, разорванно-дождевыми, либо без них.";"90  или более, но не 100%";"600-1000";"Высококучевых, высокослоистых или слоисто-дождевых облаков нет.";"Перистых, перисто-кучевых или перисто-слоистых нет.";"4.0";"-0.9";"";"";"";"";"";"";
"09.11.2018 07:00";"0.4";"735.2";"742.8";"-1.2";"94";"Ветер, дующий с юга";"5";"";"";"70 – 80%.";"Ливневый снег слабый в срок наблюдения или за последний час. ";"Ливень (ливни).";"Буря";"-1.4";"";"Кучево-дождевые волокнистые (часто с наковальней), либо с кучево-дождевыми лысыми, кучевыми, слоистыми, разорванно-дождевыми, либо без них.";"70 – 80%.";"600-1000";"Высококучевых, высокослоистых или слоисто-дождевых облаков нет.";"Перистых, перисто-кучевых или перисто-слоистых нет.";"9.0";"-0.4";"3.0";"12";"";"";"Ровный слой слежавшегося или мокрого снега покрывает поверхность почвы полностью.";"13.0";
"09.11.2018 04:00";"0.2";"736.4";"744.1";"-2.0";"94";"Ветер, дующий с юга";"5";"";"10";"90  или более, но не 100%";"Ливневый снег слабый в срок наблюдения или за последний час. ";"Ливень (ливни).";"Буря";"";"";"Кучево-дождевые волокнистые (часто с наковальней), либо с кучево-дождевыми лысыми, кучевыми, слоистыми, разорванно-дождевыми, либо без них.";"70 – 80%.";"600-1000";"Высококучевые просвечивающие, расположенные на одном уровне.";"Перистых, перисто-кучевых или перисто-слоистых нет.";"9.0";"-0.6";"";"";"";"";"";"";
"09.11.2018 01:00";"-0.2";"738.4";"746.0";"-2.4";"94";"Ветер, дующий с юга";"4";"";"";"100%.";"Ливневый снег слабый в срок наблюдения или за последний час. ";"Ливень (ливни).";"Метель";"";"";"Кучево-дождевые волокнистые (часто с наковальней), либо с кучево-дождевыми лысыми, кучевыми, слоистыми, разорванно-дождевыми, либо без них.";"60%.";"600-1000";"Высококучевые просвечивающие, полосами, либо один или несколько слоев высококучевых просвечивающих, распространяющихся по небу; эти высококучевые в целом уплотняются.";"";"9.0";"-1.1";"";"";"";"";"";"";
"08.11.2018 22:00";"-0.8";"740.8";"748.5";"-2.1";"95";"Ветер, дующий с юга";"4";"";"";"100%.";"Ливневый снег слабый в срок наблюдения или за последний час. ";"Ливень (ливни).";"Метель";"";"";"Кучево-дождевые волокнистые (часто с наковальней), либо с кучево-дождевыми лысыми, кучевыми, слоистыми, разорванно-дождевыми, либо без них.";"70 – 80%.";"600-1000";"Высококучевые просвечивающие, полосами, либо один или несколько слоев высококучевых просвечивающих, распространяющихся по небу; эти высококучевые в целом уплотняются.";"";"9.0";"-1.5";"";"";"";"";"";"";
"08.11.2018 19:00";"-1.4";"742.9";"750.6";"-1.2";"94";"Ветер, дующий с юга";"3";"";"";"100%.";"Ливневый снег слабый в срок наблюдения или за последний час. ";"Ливень (ливни).";"Облака покрывали более половины неба в течение всего соответствующего периода.";"";"-1.4";"Кучево-дождевые волокнистые (часто с наковальней), либо с кучево-дождевыми лысыми, кучевыми, слоистыми, разорванно-дождевыми, либо без них.";"70 – 80%.";"600-1000";"Высококучевые просвечивающие, полосами, либо один или несколько слоев высококучевых просвечивающих, распространяющихся по небу; эти высококучевые в целом уплотняются.";"";"9.0";"-2.2";"0.7";"12";"";"";"";"";
"08.11.2018 16:00";"-1.9";"744.1";"751.8";"0.3";"88";"Ветер, дующий с юго-юго-запада";"2";"";"";"100%.";"Ливневый снег слабый в срок наблюдения или за последний час. ";"Ливень (ливни).";"Облака покрывали более половины неба в течение всего соответствующего периода.";"";"";"Кучево-дождевые волокнистые (часто с наковальней), либо с кучево-дождевыми лысыми, кучевыми, слоистыми, разорванно-дождевыми, либо без них.";"70 – 80%.";"600-1000";"Высококучевые просвечивающие, полосами, либо один или несколько слоев высококучевых просвечивающих, распространяющихся по небу; эти высококучевые в целом уплотняются.";"";"4.0";"-3.7";"";"";"";"";"";"";
"08.11.2018 13:00";"-2.9";"743.8";"751.6";"0.3";"86";"Ветер, дующий с юго-запада";"3";"";"";"100%.";"Ливневый снег слабый в срок наблюдения или за последний час. ";"Ливень (ливни).";"Облака покрывали более половины неба в течение всего соответствующего периода.";"";"";"Кучево-дождевые волокнистые (часто с наковальней), либо с кучево-дождевыми лысыми, кучевыми, слоистыми, разорванно-дождевыми, либо без них.";"60%.";"600-1000";"Высококучевые просвечивающие, полосами, либо один или несколько слоев высококучевых просвечивающих, распространяющихся по небу; эти высококучевые в целом уплотняются.";"";"4.0";"-4.9";"";"";"";"";"";"";
"08.11.2018 10:00";"-4.6";"743.5";"751.3";"0.0";"91";"Ветер, дующий с юго-юго-запада";"3";"";"";"100%.";"Ливневый снег слабый в срок наблюдения или за последний час. ";"Ливень (ливни).";"Облака покрывали более половины неба в течение всего соответствующего периода.";"";"";"Кучево-дождевые волокнистые (часто с наковальней), либо с кучево-дождевыми лысыми, кучевыми, слоистыми, разорванно-дождевыми, либо без них.";"60%.";"600-1000";"Высококучевые просвечивающие, полосами, либо один или несколько слоев высококучевых просвечивающих, распространяющихся по небу; эти высококучевые в целом уплотняются.";"";"4.0";"-5.9";"";"";"";"";"";"";
"08.11.2018 07:00";"-5.8";"743.5";"751.3";"-1.1";"89";"Ветер, дующий с юга";"2";"";"";"100%.";"Ливневый снег слабый в срок наблюдения или за последний час. ";"Ливень (ливни).";"Облака покрывали более половины неба в течение всего соответствующего периода.";"-9.6";"";"Кучево-дождевые волокнистые (часто с наковальней), либо с кучево-дождевыми лысыми, кучевыми, слоистыми, разорванно-дождевыми, либо без них.";"70 – 80%.";"600-1000";"Высококучевые просвечивающие, полосами, либо один или несколько слоев высококучевых просвечивающих, распространяющихся по небу; эти высококучевые в целом уплотняются.";"";"9.0";"-7.3";"2.0";"12";"";"";"Ровный слой сухого рассыпчатого снега покрывает поверхность почвы полностью.";"11.0";
"08.11.2018 04:00";"-6.0";"744.6";"752.5";"-1.4";"87";"Ветер, дующий с юго-юго-запада";"2";"";"";"90  или более, но не 100%";"Ливневый снег слабый в срок наблюдения или за последний час. ";"Ливень (ливни).";"Облака покрывали более половины неба в течение всего соответствующего периода.";"";"";"Кучево-дождевые волокнистые (часто с наковальней), либо с кучево-дождевыми лысыми, кучевыми, слоистыми, разорванно-дождевыми, либо без них.";"40%.";"600-1000";"Высококучевые просвечивающие, расположенные на одном уровне.";"Перистые плотные в виде клочьев или скрученных склонов, количество которых обычно не увеличивается, иногда могут казаться остатками верхней части кучево-дождевых; или перистые башенкообразные, или перистые хлопьевидные.";"9.0";"-7.9";"";"";"";"";"";"";
"08.11.2018 01:00";"-7.8";"746.0";"754.0";"-1.9";"90";"Ветер, дующий с юго-востока";"1";"";"";"100%.";"Ливневый снег слабый в срок наблюдения или за последний час. ";"Ливень (ливни).";"Облака покрывали более половины неба в течение всего соответствующего периода.";"";"";"Кучево-дождевые волокнистые (часто с наковальней), либо с кучево-дождевыми лысыми, кучевыми, слоистыми, разорванно-дождевыми, либо без них.";"70 – 80%.";"600-1000";"Высококучевые просвечивающие, полосами, либо один или несколько слоев высококучевых просвечивающих, распространяющихся по небу; эти высококучевые в целом уплотняются.";"";"9.0";"-9.2";"";"";"";"";"";"";
"07.11.2018 22:00";"-8.8";"747.9";"755.8";"-2.0";"89";"Ветер, дующий с юго-юго-востока";"2";"";"";"100%.";" ";"";"";"";"";"Кучево-дождевые волокнистые (часто с наковальней), либо с кучево-дождевыми лысыми, кучевыми, слоистыми, разорванно-дождевыми, либо без них.";"60%.";"600-1000";"Высококучевые просвечивающие, полосами, либо один или несколько слоев высококучевых просвечивающих, распространяющихся по небу; эти высококучевые в целом уплотняются.";"";"30.0";"-10.3";"";"";"";"";"";"";
"07.11.2018 19:00";"-9.6";"749.9";"758.0";"-1.7";"88";"Ветер, дующий с юго-востока";"2";"";"";"100%.";"Состояние неба в общем не изменилось. ";"Ливень (ливни).";"Облака покрывали более половины неба в течение всего соответствующего периода.";"";"-9.6";"Кучево-дождевые волокнистые (часто с наковальней), либо с кучево-дождевыми лысыми, кучевыми, слоистыми, разорванно-дождевыми, либо без них.";"60%.";"600-1000";"Высококучевые просвечивающие, полосами, либо один или несколько слоев высококучевых просвечивающих, распространяющихся по небу; эти высококучевые в целом уплотняются.";"";"30.0";"-11.2";"0.2";"12";"";"";"";"";
"07.11.2018 16:00";"-10.4";"751.6";"759.2";"-2.4";"85";"Ветер, дующий с юго-востока";"3";"";"";"100%.";"Ливневый снег слабый в срок наблюдения или за последний час. ";"Ливень (ливни).";"Облака покрывали более половины неба в течение всего соответствующего периода.";"";"";"Кучево-дождевые волокнистые (часто с наковальней), либо с кучево-дождевыми лысыми, кучевыми, слоистыми, разорванно-дождевыми, либо без них.";"60%.";"600-1000";"Высококучевые просвечивающие, полосами, либо один или несколько слоев высококучевых просвечивающих, распространяющихся по небу; эти высококучевые в целом уплотняются.";"";"4.0";"-12.4";"";"";"";"";"";"";
"07.11.2018 13:00";"-11.2";"754.0";"762.1";"-1.8";"85";"Ветер, дующий с юго-востока";"1";"";"";"100%.";"Ливневый снег слабый в срок наблюдения или за последний час. ";"Ливень (ливни).";"Облака покрывали более половины неба в течение всего соответствующего периода.";"";"";"Кучево-дождевые волокнистые (часто с наковальней), либо с кучево-дождевыми лысыми, кучевыми, слоистыми, разорванно-дождевыми, либо без них.";"70 – 80%.";"600-1000";"Высококучевые просвечивающие, полосами, либо один или несколько слоев высококучевых просвечивающих, распространяющихся по небу; эти высококучевые в целом уплотняются.";"";"4.0";"-13.2";"";"";"";"";"";"";
"07.11.2018 10:00";"-13.8";"755.8";"764.1";"-1.6";"90";"Ветер, дующий с востоко-юго-востока";"1";"";"";"100%.";"Ливневый снег слабый в срок наблюдения или за последний час. ";"Ливень (ливни).";"Облака покрывали более половины неба в течение всего соответствующего периода.";"";"";"Кучево-дождевые волокнистые (часто с наковальней), либо с кучево-дождевыми лысыми, кучевыми, слоистыми, разорванно-дождевыми, либо без них.";"100%.";"600-1000";"";"";"4.0";"-15.1";"";"";"";"";"";"";
"07.11.2018 07:00";"-15.4";"757.4";"765.7";"-1.4";"90";"Ветер, дующий с востока";"1";"";"";"90  или более, но не 100%";"Ливневый снег слабый в срок наблюдения или за последний час. ";"Ливень (ливни).";"Облака покрывали более половины неба в течение одной части соответствующего периода и половину или менее в течение другой части периода.";"-20.9";"";"Кучево-дождевые волокнистые (часто с наковальней), либо с кучево-дождевыми лысыми, кучевыми, слоистыми, разорванно-дождевыми, либо без них.";"20–30%.";"600-1000";"Высококучевых, высокослоистых или слоисто-дождевых облаков нет.";"Перистые нитевидные, иногда когтевидные, не распространяющиеся по небу.";"9.0";"-16.7";"Следы осадков";"12";"";"";"Ровный слой сухого рассыпчатого снега покрывает поверхность почвы полностью.";"11.0";
"07.11.2018 04:00";"-14.9";"758.8";"767.0";"-0.6";"90";"Ветер, дующий с востока";"1";"";"";"70 – 80%.";"Ливневый снег слабый в срок наблюдения или за последний час. ";"Ливень (ливни).";"Облака покрывали более половины неба в течение одной части соответствующего периода и половину или менее в течение другой части периода.";"";"";"Кучево-дождевые волокнистые (часто с наковальней), либо с кучево-дождевыми лысыми, кучевыми, слоистыми, разорванно-дождевыми, либо без них.";"70 – 80%.";"600-1000";"Высококучевых, высокослоистых или слоисто-дождевых облаков нет.";"Перистых, перисто-кучевых или перисто-слоистых нет.";"9.0";"-16.2";"";"";"";"";"";"";
"07.11.2018 01:00";"-20.1";"759.4";"768.0";"-0.1";"90";"Ветер, дующий с юга";"1";"";"";"Облаков нет.";" ";"";"";"";"";"";"";"";"";"";"28.0";"-21.3";"";"";"";"";"";"";
"06.11.2018 22:00";"-17.7";"759.5";"768.0";"0.6";"90";"Ветер, дующий с востоко-юго-востока";"1";"";"";"Облаков нет.";" ";"";"";"";"";"";"";"";"";"";"26.0";"-18.9";"";"";"";"";"";"";
"06.11.2018 19:00";"-12.6";"758.9";"767.2";"1.6";"85";"Ветер, дующий с востоко-северо-востока";"1";"";"";"Облаков нет.";" ";"";"";"";"-7.8";"";"";"";"";"";"30.0";"-14.6";"0.2";"12";"";"";"";"";
"06.11.2018 16:00";"-8.0";"757.3";"765.4";"1.4";"67";"Ветер, дующий с северо-северо-востока";"3";"";"";"20–30%.";" ";"";"";"";"";"Слоисто-кучевых, слоистых, кучевых или кучево-дождевых облаков нет.";"20–30%.";"2500 или более, или облаков нет.";"Высококучевые просвечивающие, расположенные на одном уровне.";"Перистых, перисто-кучевых или перисто-слоистых нет.";"50.0";"-13.1";"";"";"";"";"";"";
"06.11.2018 13:00";"-7.8";"755.9";"764.0";"1.9";"68";"Ветер, дующий с севера";"2";"";"";"90  или более, но не 100%";"Состояние неба в общем не изменилось. ";"Ливень (ливни).";"Облака покрывали более половины неба в течение всего соответствующего периода.";"";"";"Слоисто-кучевых, слоистых, кучевых или кучево-дождевых облаков нет.";"40%.";"2500 или более, или облаков нет.";"Высококучевые просвечивающие, расположенные на одном уровне.";"Перистые плотные в виде клочьев или скрученных склонов, количество которых обычно не увеличивается, иногда могут казаться остатками верхней части кучево-дождевых; или перистые башенкообразные, или перистые хлопьевидные.";"50.0";"-12.8";"";"";"";"";"";"";
"06.11.2018 10:00";"-9.7";"754.0";"762.1";"2.1";"82";"Ветер, дующий с севера";"3";"";"";"70 – 80%.";"Состояние неба в общем не изменилось. ";"Ливень (ливни).";"Облака покрывали более половины неба в течение всего соответствующего периода.";"-9.7";"";"Слоисто-кучевых, слоистых, кучевых или кучево-дождевых облаков нет.";"40%.";"2500 или более, или облаков нет.";"Высококучевые просвечивающие, расположенные на одном уровне.";"Перистые нитевидные, иногда когтевидные, не распространяющиеся по небу.";"50.0";"-12.3";"";"";"";"";"";"";
"06.11.2018 07:00";"-8.7";"751.9";"759.9";"0.9";"89";"Ветер, дующий с северо-северо-востока";"3";"";"";"100%.";"Ливневый снег слабый в срок наблюдения или за последний час. ";"Ливень (ливни).";"Метель";"-8.7";"";"Кучево-дождевые волокнистые (часто с наковальней), либо с кучево-дождевыми лысыми, кучевыми, слоистыми, разорванно-дождевыми, либо без них.";"100%.";"600-1000";"";"";"9.0";"-10.2";"5.0";"12";"";"";"Ровный слой сухого рассыпчатого снега покрывает поверхность почвы полностью.";"11.0";
"06.11.2018 04:00";"-7.0";"751.0";"758.9";"-0.4";"88";"Ветер, дующий с северо-востока";"3";"";"";"100%.";"Ливневый снег слабый в срок наблюдения или за последний час. ";"Ливень (ливни).";"Метель";"";"";"Кучево-дождевые волокнистые (часто с наковальней), либо с кучево-дождевыми лысыми, кучевыми, слоистыми, разорванно-дождевыми, либо без них.";"100%.";"600-1000";"";"";"9.0";"-8.7";"";"";"";"";"";"";
"06.11.2018 01:00";"-7.4";"751.4";"759.4";"-1.5";"96";"Ветер, дующий с востоко-северо-востока";"3";"";"";"100%.";"Ливневый снег слабый в срок наблюдения или за последний час. ";"Ливень (ливни).";"Метель";"";"";"Кучево-дождевые волокнистые (часто с наковальней), либо с кучево-дождевыми лысыми, кучевыми, слоистыми, разорванно-дождевыми, либо без них.";"100%.";"600-1000";"";"";"9.0";"-8.0";"";"";"";"";"";"";
"05.11.2018 22:00";"-7.4";"752.9";"760.9";"-1.9";"96";"Ветер, дующий с востоко-северо-востока";"3";"";"";"100%.";"Ливневый снег слабый в срок наблюдения или за последний час. ";"Ливень (ливни).";"Облака покрывали более половины неба в течение всего соответствующего периода.";"";"";"Кучево-дождевые волокнистые (часто с наковальней), либо с кучево-дождевыми лысыми, кучевыми, слоистыми, разорванно-дождевыми, либо без них.";"100%.";"600-1000";"";"";"9.0";"-8.0";"";"";"";"";"";"";
"05.11.2018 19:00";"-7.5";"754.8";"762.8";"-1.6";"93";"Ветер, дующий с востока";"3";"";"";"100%.";"Ливневый снег слабый в срок наблюдения или за последний час. ";"Ливень (ливни).";"Облака покрывали более половины неба в течение всего соответствующего периода.";"";"-6.9";"Кучево-дождевые волокнистые (часто с наковальней), либо с кучево-дождевыми лысыми, кучевыми, слоистыми, разорванно-дождевыми, либо без них.";"100%.";"600-1000";"";"";"9.0";"-8.5";"1.0";"12";"";"";"";"";
"05.11.2018 16:00";"-7.1";"756.4";"764.5";"-1.6";"88";"Ветер, дующий с востока";"3";"";"";"100%.";"Ливневый снег слабый в срок наблюдения или за последний час. ";"Ливень (ливни).";"Облака покрывали более половины неба в течение всего соответствующего периода.";"";"";"Кучево-дождевые волокнистые (часто с наковальней), либо с кучево-дождевыми лысыми, кучевыми, слоистыми, разорванно-дождевыми, либо без них.";"70 – 80%.";"600-1000";"Высококучевые просвечивающие, полосами, либо один или несколько слоев высококучевых просвечивающих, распространяющихся по небу; эти высококучевые в целом уплотняются.";"";"4.0";"-8.8";"";"";"";"";"";"";
"05.11.2018 13:00";"-7.4";"758.0";"766.1";"-1.4";"85";"Ветер, дующий с востока";"2";"";"";"90  или более, но не 100%";"Ливневый снег слабый в срок наблюдения или за последний час. ";"Ливень (ливни).";"Облака покрывали более половины неба в течение всего соответствующего периода.";"";"";"Кучево-дождевые волокнистые (часто с наковальней), либо с кучево-дождевыми лысыми, кучевыми, слоистыми, разорванно-дождевыми, либо без них.";"40%.";"600-1000";"Высококучевые просвечивающие, расположенные на одном уровне.";"Перистые плотные в виде клочьев или скрученных склонов, количество которых обычно не увеличивается, иногда могут казаться остатками верхней части кучево-дождевых; или перистые башенкообразные, или перистые хлопьевидные.";"4.0";"-9.5";"";"";"";"";"";"";
"05.11.2018 10:00";"-8.9";"759.4";"767.5";"-1.2";"89";"Ветер, дующий с юго-востока";"1";"";"";"90  или более, но не 100%";"Ливневый снег слабый в срок наблюдения или за последний час. ";"Ливень (ливни).";"Облака покрывали более половины неба в течение всего соответствующего периода.";"";"";"Кучево-дождевые волокнистые (часто с наковальней), либо с кучево-дождевыми лысыми, кучевыми, слоистыми, разорванно-дождевыми, либо без них.";"40%.";"600-1000";"Высококучевые просвечивающие, расположенные на одном уровне.";"Перистые плотные в виде клочьев или скрученных склонов, количество которых обычно не увеличивается, иногда могут казаться остатками верхней части кучево-дождевых; или перистые башенкообразные, или перистые хлопьевидные.";"4.0";"-10.4";"";"";"";"";"";"";
"05.11.2018 07:00";"-9.9";"760.6";"768.8";"-1.2";"88";"Ветер, дующий с юго-юго-востока";"2";"";"";"100%.";"Ливневый снег слабый в срок наблюдения или за последний час. ";"Ливень (ливни).";"Облака покрывали более половины неба в течение всего соответствующего периода.";"-9.9";"";"Кучево-дождевые волокнистые (часто с наковальней), либо с кучево-дождевыми лысыми, кучевыми, слоистыми, разорванно-дождевыми, либо без них.";"40%.";"600-1000";"Высококучевые просвечивающие, полосами, либо один или несколько слоев высококучевых просвечивающих, распространяющихся по небу; эти высококучевые в целом уплотняются.";"";"9.0";"-11.6";"0.3";"12";"";"";"Ровный слой сухого рассыпчатого снега покрывает поверхность почвы полностью.";"7.0";
"05.11.2018 04:00";"-9.8";"761.8";"770.0";"-0.5";"85";"Ветер, дующий с юго-востока";"1";"";"";"100%.";"Ливневый снег слабый в срок наблюдения или за последний час. ";"Ливень (ливни).";"Облака покрывали более половины неба в течение всего соответствующего периода.";"";"";"Кучево-дождевые волокнистые (часто с наковальней), либо с кучево-дождевыми лысыми, кучевыми, слоистыми, разорванно-дождевыми, либо без них.";"40%.";"600-1000";"Высококучевые просвечивающие, полосами, либо один или несколько слоев высококучевых просвечивающих, распространяющихся по небу; эти высококучевые в целом уплотняются.";"";"9.0";"-11.9";"";"";"";"";"";"";
"05.11.2018 01:00";"-9.0";"762.3";"770.4";"0.2";"77";"Ветер, дующий с юго-юго-запада";"1";"";"";"90  или более, но не 100%";"Состояние неба в общем не изменилось. ";"Ливень (ливни).";"Облака покрывали более половины неба в течение всего соответствующего периода.";"";"";"Кучево-дождевые волокнистые (часто с наковальней), либо с кучево-дождевыми лысыми, кучевыми, слоистыми, разорванно-дождевыми, либо без них.";"20–30%.";"600-1000";"Высококучевые просвечивающие, расположенные на одном уровне.";"Перистые нитевидные, иногда когтевидные, не распространяющиеся по небу.";"30.0";"-12.4";"";"";"";"";"";"";
"04.11.2018 22:00";"-8.4";"762.1";"770.2";"0.7";"77";"Ветер, дующий с запада";"4";"";"";"100%.";"Ливневый снег слабый в срок наблюдения или за последний час. ";"Ливень (ливни).";"Облака покрывали более половины неба в течение всего соответствующего периода.";"";"";"Кучево-дождевые волокнистые (часто с наковальней), либо с кучево-дождевыми лысыми, кучевыми, слоистыми, разорванно-дождевыми, либо без них.";"70 – 80%.";"600-1000";"Высококучевые просвечивающие, полосами, либо один или несколько слоев высококучевых просвечивающих, распространяющихся по небу; эти высококучевые в целом уплотняются.";"";"9.0";"-11.7";"";"";"";"";"";"";
"04.11.2018 19:00";"-9.0";"761.4";"769.5";"0.7";"80";"Ветер, дующий с запада";"2";"";"";"100%.";"Ливневый снег слабый в срок наблюдения или за последний час. ";"Ливень (ливни).";"Метель";"";"-8.9";"Кучево-дождевые волокнистые (часто с наковальней), либо с кучево-дождевыми лысыми, кучевыми, слоистыми, разорванно-дождевыми, либо без них.";"100%.";"600-1000";"";"";"9.0";"-11.9";"0.5";"12";"";"";"";"";
"04.11.2018 16:00";"-8.9";"760.7";"768.8";"0.6";"77";"Ветер, дующий с западо-юго-запада";"3";"";"";"100%.";"Ливневый снег слабый в срок наблюдения или за последний час. ";"Ливень (ливни).";"Метель";"";"";"Кучево-дождевые волокнистые (часто с наковальней), либо с кучево-дождевыми лысыми, кучевыми, слоистыми, разорванно-дождевыми, либо без них.";"100%.";"600-1000";"";"";"4.0";"-12.3";"";"";"";"";"";"";
"04.11.2018 13:00";"-9.2";"760.1";"768.3";"0.1";"76";"Ветер, дующий с западо-юго-запада";"4";"";"";"100%.";"Ливневый снег слабый в срок наблюдения или за последний час. ";"Ливень (ливни).";"Облака покрывали более половины неба в течение всего соответствующего периода.";"";"";"Кучево-дождевые волокнистые (часто с наковальней), либо с кучево-дождевыми лысыми, кучевыми, слоистыми, разорванно-дождевыми, либо без них.";"100%.";"600-1000";"";"";"4.0";"-12.7";"";"";"";"";"";"";
"04.11.2018 10:00";"-9.8";"760.0";"768.1";"0.9";"75";"Ветер, дующий с запада";"4";"";"";"90  или более, но не 100%";"Ливневый снег слабый в срок наблюдения или за последний час. ";"Ливень (ливни).";"Облака покрывали более половины неба в течение всего соответствующего периода.";"-9.8";"";"Кучево-дождевые волокнистые (часто с наковальней), либо с кучево-дождевыми лысыми, кучевыми, слоистыми, разорванно-дождевыми, либо без них.";"90  или более, но не 100%";"600-1000";"Высококучевых, высокослоистых или слоисто-дождевых облаков нет.";"Перистых, перисто-кучевых или перисто-слоистых нет.";"4.0";"-13.4";"";"";"";"";"";"";
"04.11.2018 07:00";"-9.5";"759.1";"767.2";"2.3";"76";"Ветер, дующий с запада";"3";"";"11";"100%.";"Ливневый снег слабый в срок наблюдения или за последний час. ";"Ливень (ливни).";"Метель";"-9.5";"";"Кучево-дождевые волокнистые (часто с наковальней), либо с кучево-дождевыми лысыми, кучевыми, слоистыми, разорванно-дождевыми, либо без них.";"70 – 80%.";"600-1000";"Высококучевые просвечивающие, полосами, либо один или несколько слоев высококучевых просвечивающих, распространяющихся по небу; эти высококучевые в целом уплотняются.";"";"9.0";"-13.0";"1.0";"12";"";"";"Ровный слой сухого рассыпчатого снега покрывает поверхность почвы полностью.";"4.0";
"04.11.2018 04:00";"-7.8";"756.8";"764.9";"2.3";"79";"Ветер, дующий с запада";"5";"";"12";"100%.";"Ливневый снег слабый в срок наблюдения или за последний час. ";"Ливень (ливни).";"Метель";"";"";"Кучево-дождевые волокнистые (часто с наковальней), либо с кучево-дождевыми лысыми, кучевыми, слоистыми, разорванно-дождевыми, либо без них.";"70 – 80%.";"600-1000";"Высококучевые просвечивающие, полосами, либо один или несколько слоев высококучевых просвечивающих, распространяющихся по небу; эти высококучевые в целом уплотняются.";"";"9.0";"-10.8";"";"";"";"";"";"";
"04.11.2018 01:00";"-4.6";"754.5";"762.4";"2.8";"84";"Ветер, дующий с западо-северо-запада";"5";"";"10";"100%.";"Ливневый снег слабый в срок наблюдения или за последний час. ";"Ливень (ливни).";"Метель";"";"";"Кучево-дождевые волокнистые (часто с наковальней), либо с кучево-дождевыми лысыми, кучевыми, слоистыми, разорванно-дождевыми, либо без них.";"70 – 80%.";"600-1000";"Высококучевые просвечивающие, полосами, либо один или несколько слоев высококучевых просвечивающих, распространяющихся по небу; эти высококучевые в целом уплотняются.";"";"9.0";"-7.0";"";"";"";"";"";"";
"03.11.2018 22:00";"-1.9";"751.7";"759.5";"0.7";"86";"Ветер, дующий с западо-юго-запада";"3";"";"";"100%.";"Ливневый снег слабый в срок наблюдения или за последний час. ";"Ливень (ливни).";"Метель";"";"";"Кучево-дождевые волокнистые (часто с наковальней), либо с кучево-дождевыми лысыми, кучевыми, слоистыми, разорванно-дождевыми, либо без них.";"70 – 80%.";"600-1000";"Высококучевые просвечивающие, полосами, либо один или несколько слоев высококучевых просвечивающих, распространяющихся по небу; эти высококучевые в целом уплотняются.";"";"9.0";"-4.0";"";"";"";"";"";"";
"03.11.2018 19:00";"-2.4";"751.0";"758.8";"0.7";"89";"Ветер, дующий с юго-юго-запада";"4";"";"";"100%.";"Ливневый снег слабый в срок наблюдения или за последний час. ";"Ливень (ливни).";"Снег и/или другие виды твердых осадков";"";"-2.3";"Кучево-дождевые волокнистые (часто с наковальней), либо с кучево-дождевыми лысыми, кучевыми, слоистыми, разорванно-дождевыми, либо без них.";"70 – 80%.";"600-1000";"Высококучевые просвечивающие, полосами, либо один или несколько слоев высококучевых просвечивающих, распространяющихся по небу; эти высококучевые в целом уплотняются.";"";"9.0";"-4.0";"1.0";"12";"";"";"";"";
"03.11.2018 16:00";"-2.6";"750.3";"758.1";"-0.3";"78";"Ветер, дующий с юго-юго-запада";"5";"";"";"100%.";"Ливневый снег слабый в срок наблюдения или за последний час. ";"Ливень (ливни).";"Снег и/или другие виды твердых осадков";"";"";"Кучево-дождевые волокнистые (часто с наковальней), либо с кучево-дождевыми лысыми, кучевыми, слоистыми, разорванно-дождевыми, либо без них.";"50%.";"600-1000";"Высококучевые просвечивающие, полосами, либо один или несколько слоев высококучевых просвечивающих, распространяющихся по небу; эти высококучевые в целом уплотняются.";"";"4.0";"-5.9";"";"";"";"";"";"";
"03.11.2018 13:00";"-3.4";"750.6";"758.4";"-1.0";"81";"Ветер, дующий с юго-юго-запада";"4";"";"";"90  или более, но не 100%";"Снег непрерывный слабый в срок наблюдения. ";"Снег и/или другие виды твердых осадков";"Метель";"";"";"Слоисто-кучевых, слоистых, кучевых или кучево-дождевых облаков нет.";"70 – 80%.";"2500 или более, или облаков нет.";"Высококучевые просвечивающие, расположенные на одном уровне.";"Перистые плотные в виде клочьев или скрученных склонов, количество которых обычно не увеличивается, иногда могут казаться остатками верхней части кучево-дождевых; или перистые башенкообразные, или перистые хлопьевидные.";"4.0";"-6.2";"";"";"";"";"";"";
"03.11.2018 10:00";"-4.2";"751.6";"759.4";"-1.3";"82";"Ветер, дующий с юга";"5";"";"10";"100%.";"Снег непрерывный слабый в срок наблюдения. ";"Снег и/или другие виды твердых осадков";"Метель";"";"";"Слоисто-кучевых, слоистых, кучевых или кучево-дождевых облаков нет.";"100%.";"2500 или более, или облаков нет.";"Высококучевые просвечивающие, полосами, либо один или несколько слоев высококучевых просвечивающих, распространяющихся по небу; эти высококучевые в целом уплотняются.";"";"4.0";"-6.8";"";"";"";"";"";"";
"03.11.2018 07:00";"-5.4";"752.9";"760.9";"-2.0";"85";"Ветер, дующий с юга";"4";"";"10";"100%.";"Снег непрерывный слабый в срок наблюдения. ";"Ливень (ливни).";"Снег и/или другие виды твердых осадков";"-8.0";"";"Слоисто-кучевых, слоистых, кучевых или кучево-дождевых облаков нет.";"100%.";"2500 или более, или облаков нет.";"Высококучевые, просвечивающие или плотные в двух или более слоях или высококучевые плотные в одном слое, не распространяющиеся но небу, либо высококучевые с высокослоистыми или слоисто-дождевыми.";"";"9.0";"-7.6";"2.0";"12";"";"";"Ровный слой сухого рассыпчатого снега покрывает поверхность почвы полностью.";"4.0";
"03.11.2018 04:00";"-5.8";"754.9";"762.9";"-2.1";"85";"Ветер, дующий с юга";"4";"";"";"100%.";"Ливневый снег слабый в срок наблюдения или за последний час. ";"Ливень (ливни).";"Облака покрывали более половины неба в течение всего соответствующего периода.";"";"";"Кучево-дождевые волокнистые (часто с наковальней), либо с кучево-дождевыми лысыми, кучевыми, слоистыми, разорванно-дождевыми, либо без них.";"70 – 80%.";"600-1000";"Высококучевые просвечивающие, полосами, либо один или несколько слоев высококучевых просвечивающих, распространяющихся по небу; эти высококучевые в целом уплотняются.";"";"9.0";"-8.0";"";"";"";"";"";"";
"03.11.2018 01:00";"-6.7";"757.0";"765.1";"-2.5";"86";"Ветер, дующий с юга";"4";"";"";"100%.";"Ливневый снег слабый в срок наблюдения или за последний час. ";"Ливень (ливни).";"Облака покрывали более половины неба в течение всего соответствующего периода.";"";"";"Кучево-дождевые волокнистые (часто с наковальней), либо с кучево-дождевыми лысыми, кучевыми, слоистыми, разорванно-дождевыми, либо без них.";"100%.";"600-1000";"";"";"9.0";"-8.7";"";"";"";"";"";"";
"02.11.2018 22:00";"-7.3";"759.5";"767.6";"-2.2";"74";"Ветер, дующий с юго-юго-востока";"3";"";"";"100%.";"Ливневый снег слабый в срок наблюдения или за последний час. ";"Облака покрывали более половины неба в течение всего соответствующего периода.";"Облака покрывали более половины неба в течение всего соответствующего периода.";"";"";"Кучево-дождевые волокнистые (часто с наковальней), либо с кучево-дождевыми лысыми, кучевыми, слоистыми, разорванно-дождевыми, либо без них.";"100%.";"600-1000";"";"";"9.0";"-11.2";"";"";"";"";"";"";
"02.11.2018 19:00";"-8.0";"761.7";"769.8";"-1.6";"67";"Ветер, дующий с юго-юго-востока";"3";"";"";"90  или более, но не 100%";" ";"";"";"";"-7.3";"Слоисто-кучевых, слоистых, кучевых или кучево-дождевых облаков нет.";"Облаков нет.";"2500 или более, или облаков нет.";"Высококучевых, высокослоистых или слоисто-дождевых облаков нет.";"Перистые плотные в виде клочьев или скрученных склонов, количество которых обычно не увеличивается, иногда могут казаться остатками верхней части кучево-дождевых; или перистые башенкообразные, или перистые хлопьевидные.";"30.0";"-13.1";"Следы осадков";"12";"";"";"";"";
"02.11.2018 16:00";"-7.3";"763.3";"771.4";"-1.8";"66";"Ветер, дующий с юга";"4";"";"";"90  или более, но не 100%";" ";"";"";"";"";"Кучево-дождевые волокнистые (часто с наковальней), либо с кучево-дождевыми лысыми, кучевыми, слоистыми, разорванно-дождевыми, либо без них.";"50%.";"600-1000";"Высококучевые просвечивающие, расположенные на одном уровне.";"Перистые плотные в виде клочьев или скрученных склонов, количество которых обычно не увеличивается, иногда могут казаться остатками верхней части кучево-дождевых; или перистые башенкообразные, или перистые хлопьевидные.";"50.0";"-12.7";"";"";"";"";"";"";
"02.11.2018 13:00";"-8.1";"765.1";"773.2";"-1.1";"67";"Ветер, дующий с юго-запада";"4";"";"10";"90  или более, но не 100%";"Состояние неба в общем не изменилось. ";"Ливень (ливни).";"Облака покрывали более половины неба в течение всего соответствующего периода.";"";"";"Кучево-дождевые волокнистые (часто с наковальней), либо с кучево-дождевыми лысыми, кучевыми, слоистыми, разорванно-дождевыми, либо без них.";"20–30%.";"600-1000";"Высококучевые просвечивающие, расположенные на одном уровне.";"Перистые нитевидные, иногда когтевидные, не распространяющиеся по небу.";"50.0";"-13.3";"";"";"";"";"";"";
"02.11.2018 10:00";"-9.6";"766.2";"774.4";"-0.7";"82";"Ветер, дующий с юго-юго-запада";"4";"";"";"90  или более, но не 100%";"Ливневый снег слабый в срок наблюдения или за последний час. ";"Ливень (ливни).";"Облака покрывали более половины неба в течение всего соответствующего периода.";"-10.2";"";"Кучево-дождевые волокнистые (часто с наковальней), либо с кучево-дождевыми лысыми, кучевыми, слоистыми, разорванно-дождевыми, либо без них.";"60%.";"600-1000";"Высококучевых, высокослоистых или слоисто-дождевых облаков нет.";"Перистые нитевидные, иногда когтевидные, не распространяющиеся по небу.";"4.0";"-12.2";"";"";"";"";"";"";
"02.11.2018 07:00";"-10.1";"766.9";"775.2";"-0.1";"80";"Ветер, дующий с юго-юго-запада";"2";"";"";"90  или более, но не 100%";"Ливневый снег слабый в срок наблюдения или за последний час. ";"Ливень (ливни).";"Облака покрывали более половины неба в течение всего соответствующего периода.";"-10.1";"";"Кучево-дождевые волокнистые (часто с наковальней), либо с кучево-дождевыми лысыми, кучевыми, слоистыми, разорванно-дождевыми, либо без них.";"50%.";"600-1000";"Высококучевые просвечивающие, расположенные на одном уровне.";"Перистые нитевидные, иногда когтевидные, не распространяющиеся по небу.";"9.0";"-12.9";"0.2";"12";"";"";"Ровный слой сухого рассыпчатого снега покрывает поверхность почвы полностью.";"3.0";
"02.11.2018 04:00";"-8.9";"767.0";"775.3";"-0.1";"83";"Ветер, дующий с юго-запада";"2";"";"";"90  или более, но не 100%";"Ливневый снег слабый в срок наблюдения или за последний час. ";"Ливень (ливни).";"Облака покрывали более половины неба в течение всего соответствующего периода.";"";"";"Кучево-дождевые волокнистые (часто с наковальней), либо с кучево-дождевыми лысыми, кучевыми, слоистыми, разорванно-дождевыми, либо без них.";"70 – 80%.";"600-1000";"Высококучевые просвечивающие, расположенные на одном уровне.";"Перистые плотные в виде клочьев или скрученных склонов, количество которых обычно не увеличивается, иногда могут казаться остатками верхней части кучево-дождевых; или перистые башенкообразные, или перистые хлопьевидные.";"9.0";"-11.3";"";"";"";"";"";"";
"02.11.2018 01:00";"-8.7";"767.1";"775.3";"0.7";"83";"Ветер, дующий с юго-запада";"3";"";"";"90  или более, но не 100%";"Ливневый снег слабый в срок наблюдения или за последний час. ";"Ливень (ливни).";"Облака покрывали более половины неба в течение всего соответствующего периода.";"";"";"Кучево-дождевые волокнистые (часто с наковальней), либо с кучево-дождевыми лысыми, кучевыми, слоистыми, разорванно-дождевыми, либо без них.";"70 – 80%.";"600-1000";"Высококучевые просвечивающие, расположенные на одном уровне.";"Перистые плотные в виде клочьев или скрученных склонов, количество которых обычно не увеличивается, иногда могут казаться остатками верхней части кучево-дождевых; или перистые башенкообразные, или перистые хлопьевидные.";"9.0";"-11.1";"";"";"";"";"";"";
"01.11.2018 22:00";"-8.9";"766.4";"774.6";"0.6";"83";"Ветер, дующий с западо-юго-запада";"4";"";"";"100%.";"Ливневый снег слабый в срок наблюдения или за последний час. ";"Ливень (ливни).";"Облака покрывали более половины неба в течение всего соответствующего периода.";"";"";"Кучево-дождевые волокнистые (часто с наковальней), либо с кучево-дождевыми лысыми, кучевыми, слоистыми, разорванно-дождевыми, либо без них.";"100%.";"600-1000";"";"";"9.0";"-11.3";"";"";"";"";"";"";
"01.11.2018 19:00";"-9.9";"765.8";"774.1";"2.0";"75";"Ветер, дующий с юго-запада";"3";"";"10";"90  или более, но не 100%";"Ливневый снег слабый в срок наблюдения или за последний час. ";"Ливень (ливни).";"Метель";"";"-6.2";"Кучево-дождевые волокнистые (часто с наковальней), либо с кучево-дождевыми лысыми, кучевыми, слоистыми, разорванно-дождевыми, либо без них.";"70 – 80%.";"600-1000";"Высококучевые просвечивающие, расположенные на одном уровне.";"Перистые нитевидные, иногда когтевидные, не распространяющиеся по небу.";"9.0";"-13.5";"0.6";"12";"";"";"";"";
"01.11.2018 16:00";"-9.3";"763.8";"772.0";"3.5";"67";"Ветер, дующий с запада";"5";"";"11";"90  или более, но не 100%";"Ливневый снег слабый в срок наблюдения или за последний час. ";"Ливень (ливни).";"Метель";"";"";"Кучево-дождевые волокнистые (часто с наковальней), либо с кучево-дождевыми лысыми, кучевыми, слоистыми, разорванно-дождевыми, либо без них.";"50%.";"600-1000";"Высококучевые просвечивающие, расположенные на одном уровне.";"Перистые плотные в виде клочьев или скрученных склонов, количество которых обычно не увеличивается, иногда могут казаться остатками верхней части кучево-дождевых; или перистые башенкообразные, или перистые хлопьевидные.";"4.0";"-14.4";"";"";"";"";"";"";
"01.11.2018 13:00";"-8.0";"760.3";"768.4";"3.0";"70";"Ветер, дующий с запада";"5";"";"10";"90  или более, но не 100%";"Ливневый снег слабый в срок наблюдения или за последний час. ";"Ливень (ливни).";"Метель";"";"";"Кучево-дождевые волокнистые (часто с наковальней), либо с кучево-дождевыми лысыми, кучевыми, слоистыми, разорванно-дождевыми, либо без них.";"70 – 80%.";"600-1000";"Высококучевых, высокослоистых или слоисто-дождевых облаков нет.";"Перистые плотные в виде клочьев или скрученных склонов, количество которых обычно не увеличивается, иногда могут казаться остатками верхней части кучево-дождевых; или перистые башенкообразные, или перистые хлопьевидные.";"4.0";"-12.6";"";"";"";"";"";"";
"01.11.2018 10:00";"-7.3";"757.3";"765.4";"2.1";"83";"Ветер, дующий с запада";"6";"";"11";"100%.";"Ливневый снег умеренный или сильный в срок наблюдения или за последний час. ";"Ливень (ливни).";"Облака покрывали более половины неба в течение всего соответствующего периода.";"-7.3";"";"Кучево-дождевые волокнистые (часто с наковальней), либо с кучево-дождевыми лысыми, кучевыми, слоистыми, разорванно-дождевыми, либо без них.";"100%.";"600-1000";"";"";"0.5";"-9.8";"";"";"";"";"";"";
"01.11.2018 07:00";"-6.2";"755.2";"763.2";"0.5";"87";"Ветер, дующий с юго-запада";"4";"";"";"90  или более, но не 100%";"Ливневый снег слабый в срок наблюдения или за последний час. ";"Ливень (ливни).";"Облака покрывали более половины неба в течение всего соответствующего периода.";"-6.5";"";"Кучево-дождевые волокнистые (часто с наковальней), либо с кучево-дождевыми лысыми, кучевыми, слоистыми, разорванно-дождевыми, либо без них.";"60%.";"600-1000";"Высококучевых, высокослоистых или слоисто-дождевых облаков нет.";"Перистые плотные в виде клочьев или скрученных склонов, количество которых обычно не увеличивается, иногда могут казаться остатками верхней части кучево-дождевых; или перистые башенкообразные, или перистые хлопьевидные.";"9.0";"-8.1";"0.3";"12";"";"";"Ровный слой сухого рассыпчатого снега покрывает поверхность почвы полностью.";"3.0";
"01.11.2018 04:00";"-6.3";"754.7";"762.7";"0.0";"84";"Ветер, дующий с юго-юго-запада";"4";"";"";"90  или более, но не 100%";"Ливневый снег слабый в срок наблюдения или за последний час. ";"Ливень (ливни).";"Облака покрывали более половины неба в течение всего соответствующего периода.";"";"";"Кучево-дождевые волокнистые (часто с наковальней), либо с кучево-дождевыми лысыми, кучевыми, слоистыми, разорванно-дождевыми, либо без них.";"40%.";"600-1000";"Высококучевые просвечивающие, расположенные на одном уровне.";"Перистые нитевидные, иногда когтевидные, не распространяющиеся по небу.";"9.0";"-8.6";"";"";"";"";"";"";
"01.11.2018 01:00";"-5.9";"754.7";"762.7";"-0.5";"77";"Ветер, дующий с юго-юго-запада";"3";"";"";"90  или более, но не 100%";"Состояние неба в общем не изменилось. ";"Ливень (ливни).";"Облака покрывали более половины неба в течение всего соответствующего периода.";"";"";"Кучево-дождевые волокнистые (часто с наковальней), либо с кучево-дождевыми лысыми, кучевыми, слоистыми, разорванно-дождевыми, либо без них.";"50%.";"600-1000";"Высококучевые просвечивающие, расположенные на одном уровне.";"Перистые нитевидные, иногда когтевидные, не распространяющиеся по небу.";"30.0";"-9.4";"";"";"";"";"";"";
